time,open,high,low,close,PM High,PM Low,Yest High,Yest Low,Week High,Week Low,ORB High,ORB Low,POC_,PM High (continuous),PM Low (continuous),MA,MA,Volume
2026-02-25T15:30:00-05:00,387.79,387.87,387.66,387.87,,,,,,,,,388.19999999999993,391.8,388.8,387.9087999999996,388.20392500000054,2924
2026-02-25T15:31:00-05:00,387.81,387.82,387.68,387.71,,,,,,,,,388.19999999999993,391.8,388.8,387.9041999999996,388.20847500000053,2518
2026-02-25T15:32:00-05:00,387.68,387.68,387.6,387.66,,,,,,,,,388.19999999999993,391.8,388.8,387.90859999999964,388.21277500000053,1409
2026-02-25T15:33:00-05:00,387.64,387.64,387.54,387.59,,,,,,,,,388.19999999999993,391.8,388.8,387.9063999999996,388.2171250000005,3318
2026-02-25T15:34:00-05:00,387.59,387.61,387.53,387.6,,,,,,,,,388.19999999999993,391.8,388.8,387.9047999999997,388.21942500000057,779
2026-02-25T15:35:00-05:00,387.57,387.75,387.56,387.7,,,,,,,,,388.19999999999993,391.8,388.8,387.90499999999963,388.2221250000006,1066
2026-02-25T15:36:00-05:00,387.71,387.76,387.63,387.74,,,,,,,,,388.19999999999993,391.8,388.8,387.9059999999997,388.22457500000064,1501
2026-02-25T15:37:00-05:00,387.75,387.77,387.661,387.71,,,,,,,,,388.19999999999993,391.8,388.8,387.9029999999997,388.2258250000006,1274
2026-02-25T15:38:00-05:00,387.72,387.77,387.67,387.67,,,,,,,,,388.19999999999993,391.8,388.8,387.8965999999997,388.2266750000006,1429
2026-02-25T15:39:00-05:00,387.72,387.89,387.69,387.87,,,,,,,,,388.19999999999993,391.8,388.8,387.8947999999997,388.2278250000007,1575
2026-02-25T15:40:00-05:00,387.83,388,387.75,387.98,,,,,,,,,388.19999999999993,391.8,388.8,387.89419999999967,388.2290250000007,6436
2026-02-25T15:41:00-05:00,388,388.09,387.91,388.02,,,,,,,,,388.19999999999993,391.8,388.8,387.89579999999967,388.2301250000007,3589
2026-02-25T15:42:00-05:00,387.98,387.98,387.71,387.73,,,,,,,,,388.19999999999993,391.8,388.8,387.8929999999997,388.22812500000066,2388
2026-02-25T15:43:00-05:00,387.72,387.83,387.7,387.72,,,,,,,,,388.19999999999993,391.8,388.8,387.88219999999967,388.22617500000064,1842
2026-02-25T15:44:00-05:00,387.72,387.8,387.71,387.78,,,,,,,,,388.19999999999993,391.8,388.8,387.87499999999966,388.2254250000006,837
2026-02-25T15:45:00-05:00,387.78,387.8,387.65,387.78,,,,,,,,,388.19999999999993,391.8,388.8,387.8665999999996,388.2246250000006,2397
2026-02-25T15:46:00-05:00,387.78,387.8,387.69,387.77,,,,,,,,,388.19999999999993,391.8,388.8,387.8619999999996,388.22347500000063,1796
2026-02-25T15:47:00-05:00,387.82,387.85,387.74,387.77,,,,,,,,,388.19999999999993,391.8,388.8,387.86159999999967,388.2230750000006,3112
2026-02-25T15:48:00-05:00,387.76,387.76,387.6,387.61,,,,,,,,,388.19999999999993,391.8,388.8,387.86279999999965,388.2219750000006,5132
2026-02-25T15:49:00-05:00,387.62,387.64,387.45,387.61,,,,,,,,,388.19999999999993,391.8,388.8,387.8631999999996,388.22067500000065,2256
2026-02-25T15:50:00-05:00,387.57,388,387.27,387.34,,,,,,,,,388.19999999999993,391.8,388.8,387.85499999999956,388.2187750000007,7154
2026-02-25T15:51:00-05:00,387.35,387.48,387.19,387.19,,,,,,,,,388.19999999999993,391.8,388.8,387.8469999999996,388.2157250000007,2472
2026-02-25T15:52:00-05:00,387.22,387.34,387.16,387.21,,,,,,,,,388.19999999999993,391.8,388.8,387.8401999999996,388.21337500000067,2937
2026-02-25T15:53:00-05:00,387.18,387.3,387.11,387.19,,,,,,,,,388.19999999999993,391.8,388.8,387.83219999999966,388.2110250000007,4040
2026-02-25T15:54:00-05:00,387.22,387.45,387.11,387.45,,,,,,,,,388.19999999999993,391.8,388.8,387.82359999999954,388.21117500000065,4136
2026-02-25T15:55:00-05:00,387.48,387.49,387.23,387.27,,,,,,,,,388.19999999999993,391.8,388.8,387.80999999999955,388.20907500000067,4503
2026-02-25T15:56:00-05:00,387.3,387.51,387.25,387.34,,,,,,,,,388.19999999999993,391.8,388.8,387.7995999999996,388.2065250000007,4467
2026-02-25T15:57:00-05:00,387.36,387.54,387.24,387.43,,,,,,,,,388.19999999999993,391.8,388.8,387.7889999999996,388.2049250000007,5463
2026-02-25T15:58:00-05:00,387.44,387.57,387.16,387.47,,,,,,,,,388.19999999999993,391.8,388.8,387.77759999999967,388.20297500000066,6256
2026-02-25T15:59:00-05:00,387.55,387.73,387.29,387.72,,,,,,,,,388.19999999999993,391.8,388.8,387.7697999999996,388.20162500000066,12085
2026-02-25T16:00:00-05:00,387.83,388.11,387.78,388.01,,,,,,,,,388.19999999999993,,,387.7679999999996,388.20122500000065,161
2026-02-25T16:01:00-05:00,388.08,388.09,387.98,387.99,,,,,,,,,388.19999999999993,,,387.7669999999996,388.19892500000066,100
2026-02-25T16:02:00-05:00,388.08,388.08,388.08,388.08,,,,,,,,,388.19999999999993,,,387.7693999999997,388.19687500000066,5
2026-02-25T16:03:00-05:00,388,388.08,387.8,387.81,,,,,,,,,388.19999999999993,,,387.76719999999966,388.1944750000007,143
2026-02-25T16:04:00-05:00,388,388,388,388,,,,,,,,,388.19999999999993,,,387.76759999999956,388.19157500000057,21
2026-02-25T16:05:00-05:00,388,388,388,388,,,,,,,,,388.19999999999993,,,387.7683999999996,388.18857500000064,3
2026-02-25T16:06:00-05:00,388,388,388,388,,,,,,,,,388.19999999999993,,,387.7703999999996,388.18562500000064,50
2026-02-25T16:07:00-05:00,388.12,388.2,388.12,388.12,,,,,,,,,388.19999999999993,,,387.77319999999963,388.18327500000066,92
2026-02-25T16:08:00-05:00,388.04,388.2,388.04,388.1,,,,,,,,,388.19999999999993,,,387.77299999999957,388.1814250000006,470
2026-02-25T16:09:00-05:00,388.1,388.1,388.07,388.07,,,,,,,,,388.19999999999993,,,387.77259999999956,388.1798250000006,20
2026-02-25T16:10:00-05:00,388.08,388.17,388.06,388.17,,,,,,,,,388.19999999999993,,,387.7783999999996,388.1783750000006,131
2026-02-25T16:11:00-05:00,388.08,388.08,388.08,388.08,,,,,,,,,388.19999999999993,,,387.7795999999996,388.1769250000006,15
2026-02-25T16:12:00-05:00,388.09,388.09,388.08,388.09,,,,,,,,,388.19999999999993,,,387.7813999999996,388.1747750000006,54
2026-02-25T16:13:00-05:00,388.09,388.19,388.09,388.19,,,,,,,,,388.19999999999993,,,387.78219999999965,388.1735250000005,418
2026-02-25T16:15:00-05:00,388.4,388.4,388.4,388.4,,,,,,,,,388.19999999999993,,,387.7923999999996,388.17367500000057,10
2026-02-25T16:16:00-05:00,388.32,388.32,388,388,,,,,,,,,388.19999999999993,,,387.7873999999997,388.1716250000006,1434
2026-02-25T16:17:00-05:00,387.8,387.8,387.7,387.72,,,,,,,,,388.19999999999993,,,387.7805999999997,388.16747500000054,163
2026-02-25T16:18:00-05:00,387.71,387.71,387.5,387.55,,,,,,,,,388.19999999999993,,,387.77319999999963,388.16152500000055,315
2026-02-25T16:19:00-05:00,387.66,387.66,387.28,387.3,,,,,,,,,388.19999999999993,,,387.7591999999997,388.15427500000055,851
2026-02-25T16:20:00-05:00,387.5,387.5,387.5,387.5,,,,,,,,,388.19999999999993,,,387.7535999999997,388.1477750000005,9
2026-02-25T16:21:00-05:00,387.76,387.76,387.51,387.51,,,,,,,,,388.19999999999993,,,387.7463999999997,388.13957500000055,26
2026-02-25T16:22:00-05:00,387.5,387.5,387.1,387.5,,,,,,,,,388.19999999999993,,,387.74219999999974,388.13142500000055,177
2026-02-25T16:25:00-05:00,387.5,387.5,387.5,387.5,,,,,,,,,388.19999999999993,,,387.73899999999975,388.1232750000006,2
2026-02-25T16:26:00-05:00,387.34,387.73,387.34,387.73,,,,,,,,,388.19999999999993,,,387.7417999999997,388.11767500000053,3
2026-02-25T16:29:00-05:00,388.05,388.05,388.05,388.05,,,,,,,,,388.19999999999993,,,387.75079999999974,388.11402500000054,1
2026-02-25T16:30:00-05:00,388.18,388.2,388.18,388.2,,,,,,,,,388.19999999999993,,,387.76079999999973,388.11097500000056,29
2026-02-25T16:31:00-05:00,388.21,390.45,388.2,390,,,,,,,,,388.19999999999993,,,387.8059999999997,388.1173250000005,6537
2026-02-25T16:32:00-05:00,390.26,390.62,390.06,390.06,,,,,,,,,388.19999999999993,,,387.8529999999997,388.1241250000005,1232
2026-02-25T16:33:00-05:00,390.31,390.84,390.31,390.84,,,,,,,,,388.19999999999993,,,387.9163999999997,388.13432500000056,275
2026-02-25T16:34:00-05:00,390.89,391.84,390.2,391.5,,,,,,,,,388.19999999999993,,,387.98899999999963,388.1482250000005,7357
2026-02-25T16:35:00-05:00,391.5,392.01,391.5,391.84,,,,,,,,,388.19999999999993,,,388.06619999999964,388.1631750000005,2921
2026-02-25T16:36:00-05:00,391.96,391.98,390.56,390.87,,,,,,,,,388.19999999999993,,,388.1231999999997,388.1736750000005,480
2026-02-25T16:37:00-05:00,391.4,391.94,390.71,390.9,,,,,,,,,388.19999999999993,,,388.18659999999966,388.1845250000005,939
2026-02-25T16:38:00-05:00,390.67,391.5,390.66,391.46,,,,,,,,,388.19999999999993,,,388.2613999999997,388.1977250000005,1051
2026-02-25T16:39:00-05:00,391.4,391.94,391.22,391.7,,,,,,,,,388.19999999999993,,,388.33979999999974,388.2124750000005,588
2026-02-25T16:40:00-05:00,391.68,392.75,391.4,392.75,,,,,,,,,388.19999999999993,,,388.43919999999974,388.23172500000044,3942
2026-02-25T16:41:00-05:00,392.56,393.62,392.56,392.81,,,,,,,,,388.19999999999993,,,388.5399999999998,388.2531750000005,2791
2026-02-25T16:42:00-05:00,392.9,393.44,392.49,392.51,,,,,,,,,388.19999999999993,,,388.6347999999998,388.2737750000005,2921
2026-02-25T16:43:00-05:00,392.67,393.4,392.53,392.93,,,,,,,,,388.19999999999993,,,388.7411999999997,388.2961250000005,684
2026-02-25T16:44:00-05:00,392.98,393.26,392.75,393.26,,,,,,,,,388.19999999999993,,,388.85419999999976,388.31892500000055,925
2026-02-25T16:45:00-05:00,393.4,393.7,393,393.5,,,,,,,,,388.19999999999993,,,388.97739999999976,388.3439750000005,921
2026-02-25T16:46:00-05:00,393.06,393.55,392.5,392.73,,,,,,,,,388.19999999999993,,,389.0881999999998,388.3648250000005,1116
2026-02-25T16:47:00-05:00,392.46,393.35,392,393.35,,,,,,,,,388.19999999999993,,,389.2109999999998,388.38852500000047,2895
2026-02-25T16:48:00-05:00,393.35,393.36,392.5,392.51,,,,,,,,,388.19999999999993,,,389.31739999999985,388.40847500000046,1201
2026-02-25T16:49:00-05:00,392.85,393.3,392.44,393.3,,,,,,,,,388.19999999999993,,,389.43439999999987,388.4323750000005,1159
2026-02-25T16:50:00-05:00,393.28,393.29,392.93,393.2,,,,,,,,,388.19999999999993,,,389.5529999999998,388.4562250000004,172
2026-02-25T16:51:00-05:00,393.2,393.75,393.13,393.2,,,,,,,,,388.19999999999993,,,389.6701999999998,388.4797750000005,525
2026-02-25T16:52:00-05:00,393.3,393.46,393,393.3,,,,,,,,,388.19999999999993,,,389.7875999999998,388.50462500000043,1111
2026-02-25T16:53:00-05:00,393.39,393.39,393.03,393.03,,,,,,,,,388.19999999999993,,,389.8987999999998,388.5282750000004,58
2026-02-25T16:54:00-05:00,393.1,393.98,393.02,393.98,,,,,,,,,388.19999999999993,,,390.0239999999998,388.55577500000044,1238
2026-02-25T16:55:00-05:00,393.99,394.88,393.99,394.75,,,,,,,,,388.19999999999993,,,390.15879999999976,388.5875250000005,974
2026-02-25T16:56:00-05:00,394.75,394.75,394.16,394.5,,,,,,,,,388.19999999999993,,,390.2889999999998,388.6173250000005,78
2026-02-25T16:57:00-05:00,394.3,394.42,393.75,393.93,,,,,,,,,388.19999999999993,,,390.4059999999998,388.6445750000005,693
2026-02-25T16:58:00-05:00,394.29,394.39,394,394.3,,,,,,,,,388.19999999999993,,,390.5357999999997,388.6728750000005,110
2026-02-25T16:59:00-05:00,394.16,394.5,394.16,394.25,,,,,,,,,388.19999999999993,,,390.6607999999997,388.70042500000045,79
2026-02-25T17:00:00-05:00,394.19,394.19,393.92,393.92,,,,,,,,,388.19999999999993,,,390.7791999999998,388.7263750000005,33
2026-02-25T17:01:00-05:00,393.59,394.18,393.55,393.8,,,,,,,,,388.19999999999993,,,390.89519999999976,388.75237500000054,530
2026-02-25T17:02:00-05:00,393.72,393.75,393.5,393.5,,,,,,,,,388.19999999999993,,,391.00279999999975,388.7769750000005,145
2026-02-25T17:03:00-05:00,393.62,393.7,393.31,393.7,,,,,,,,,388.19999999999993,,,391.1147999999997,388.8019250000005,470
2026-02-25T17:04:00-05:00,394,394.5,393.95,393.95,,,,,,,,,388.19999999999993,,,391.23239999999976,388.8274750000005,520
2026-02-25T17:05:00-05:00,393.82,393.94,393.65,393.94,,,,,,,,,388.19999999999993,,,391.3477999999998,388.85237500000056,176
2026-02-25T17:06:00-05:00,393.65,393.73,393.25,393.51,,,,,,,,,388.19999999999993,,,391.4563999999997,388.8754250000005,53
2026-02-25T17:07:00-05:00,393.46,393.46,393,393.45,,,,,,,,,388.19999999999993,,,391.5635999999997,388.89847500000053,1179
2026-02-25T17:08:00-05:00,393.55,394,393.55,393.78,,,,,,,,,388.19999999999993,,,391.67539999999974,388.9232250000005,657
2026-02-25T17:09:00-05:00,393.57,393.7,393.35,393.51,,,,,,,,,388.19999999999993,,,391.7775999999998,388.94637500000056,267
2026-02-25T17:10:00-05:00,393.44,393.53,393.42,393.53,,,,,,,,,388.19999999999993,,,391.88819999999976,388.97102500000057,71
2026-02-25T17:11:00-05:00,393.47,393.47,392.5,392.5,,,,,,,,,388.19999999999993,,,391.9837999999998,388.9901750000006,1361
2026-02-25T17:12:00-05:00,392.43,392.5,392.155,392.5,,,,,,,,,388.19999999999993,,,392.0827999999998,389.00952500000056,1943
2026-02-25T17:13:00-05:00,392.46,392.72,392.32,392.32,,,,,,,,,388.19999999999993,,,392.1831999999998,389.0277250000006,573
2026-02-25T17:14:00-05:00,392.35,392.35,391.52,391.52,,,,,,,,,388.19999999999993,,,392.26359999999977,389.0418250000006,790
2026-02-25T17:15:00-05:00,391.38,391.6,391.38,391.54,,,,,,,,,388.19999999999993,,,392.34419999999983,389.0563250000006,1929
2026-02-25T17:16:00-05:00,391.5,391.52,390.86,390.86,,,,,,,,,388.19999999999993,,,392.41139999999984,389.0673750000006,2936
2026-02-25T17:17:00-05:00,390.95,391.19,390.75,390.99,,,,,,,,,388.19999999999993,,,392.48119999999983,389.0796250000006,489
2026-02-25T17:18:00-05:00,391.08,391.39,391.08,391.39,,,,,,,,,388.19999999999993,,,392.5543999999998,389.0948250000006,146
2026-02-25T17:19:00-05:00,391.09,391.75,390.75,391.75,,,,,,,,,388.19999999999993,,,392.62839999999983,389.11222500000054,355
2026-02-25T17:20:00-05:00,391.2,391.61,391.02,391.39,,,,,,,,,388.19999999999993,,,392.69219999999984,389.1278750000006,487
2026-02-25T17:21:00-05:00,391.17,392,391.17,391.99,,,,,,,,,388.19999999999993,,,392.7319999999998,389.14692500000046,111
2026-02-25T17:22:00-05:00,391.99,392.33,391.9,391.99,,,,,,,,,388.19999999999993,,,392.77059999999983,389.16587500000054,176
2026-02-25T17:23:00-05:00,391.78,391.78,391.16,391.16,,,,,,,,,388.19999999999993,,,392.7769999999998,389.1796750000005,20
2026-02-25T17:24:00-05:00,391.55,391.55,391.33,391.33,,,,,,,,,388.19999999999993,,,392.77359999999976,389.1947750000005,503
2026-02-25T17:25:00-05:00,391.48,391.66,391.48,391.58,,,,,,,,,388.19999999999993,,,392.7683999999998,389.21182500000054,83
2026-02-25T17:26:00-05:00,391.5,391.5,391.01,391.1,,,,,,,,,388.19999999999993,,,392.77299999999974,389.2254250000006,16
2026-02-25T17:27:00-05:00,391.11,391.11,391,391,,,,,,,,,388.19999999999993,,,392.7749999999998,389.2386500000006,250
2026-02-25T17:28:00-05:00,390.78,390.88,389.91,390.3,,,,,,,,,388.19999999999993,,,392.7517999999998,389.24900000000054,1571
2026-02-25T17:29:00-05:00,390.15,390.57,390.15,390.57,,,,,,,,,388.19999999999993,,,392.72919999999976,389.26090000000056,5
2026-02-25T17:30:00-05:00,390.34,390.34,389.26,389.26,,,,,,,,,388.19999999999993,,,392.6593999999997,389.2667500000006,867
2026-02-25T17:31:00-05:00,390,390.2,389.25,389.55,,,,,,,,,388.19999999999993,,,392.5941999999998,389.27400000000057,1430
2026-02-25T17:32:00-05:00,389.25,389.99,389.25,389.99,,,,,,,,,388.19999999999993,,,392.54379999999975,389.2802500000006,1592
2026-02-25T17:33:00-05:00,389.6,389.6,389.56,389.6,,,,,,,,,388.19999999999993,,,392.4771999999997,389.2857000000006,505
2026-02-25T17:34:00-05:00,389.54,390.3,389.54,390.3,,,,,,,,,388.19999999999993,,,392.41799999999967,389.29375000000056,1723
2026-02-25T17:35:00-05:00,390,390.4,389.95,390,,,,,,,,,388.19999999999993,,,392.3479999999997,389.29985000000056,1129
2026-02-25T17:36:00-05:00,389.8,390,389.8,390,,,,,,,,,388.19999999999993,,,392.2933999999997,389.3065500000006,345
2026-02-25T17:37:00-05:00,389.74,389.74,389.25,389.26,,,,,,,,,388.19999999999993,,,392.2115999999997,389.30830000000054,159
2026-02-25T17:38:00-05:00,389.25,389.25,388.7,389,,,,,,,,,388.19999999999993,,,392.1413999999997,389.3091500000005,263
2026-02-25T17:39:00-05:00,389,389,388.66,388.66,,,,,,,,,388.19999999999993,,,392.04859999999974,389.3095500000005,59
2026-02-25T17:40:00-05:00,388.53,388.56,388.51,388.55,,,,,,,,,388.19999999999993,,,391.95559999999966,389.3096000000005,160
2026-02-25T17:41:00-05:00,388.78,388.85,388.55,388.55,,,,,,,,,388.19999999999993,,,391.8625999999997,389.3098500000005,285
2026-02-25T17:43:00-05:00,389.1,389.15,389.1,389.15,,,,,,,,,388.19999999999993,,,391.7795999999997,389.3147000000005,12
2026-02-25T17:44:00-05:00,389.01,389.01,389,389,,,,,,,,,388.19999999999993,,,391.6989999999997,389.3189500000005,52
2026-02-25T17:45:00-05:00,389.24,389.8,389.24,389.8,,,,,,,,,388.19999999999993,,,391.61539999999974,389.32745000000045,301
2026-02-25T17:46:00-05:00,389.76,389.8,389.76,389.8,,,,,,,,,388.19999999999993,,,391.5163999999997,389.33635000000044,280
2026-02-25T17:47:00-05:00,389.8,389.82,389.8,389.8,,,,,,,,,388.19999999999993,,,391.4223999999997,389.34610000000043,3
2026-02-25T17:48:00-05:00,389.51,389.9,389.51,389.8,,,,,,,,,388.19999999999993,,,391.33979999999974,389.3552000000005,17
2026-02-25T17:49:00-05:00,389.96,390.25,389.5,389.5,,,,,,,,,388.19999999999993,,,391.2437999999997,389.36295000000047,1981
2026-02-25T17:50:00-05:00,389.5,389.5,389.01,389.01,,,,,,,,,388.19999999999993,,,391.13899999999967,389.3685000000005,740
2026-02-25T17:51:00-05:00,389.29,389.29,389.29,389.29,,,,,,,,,388.19999999999993,,,391.0463999999997,389.37520000000046,50
2026-02-25T17:52:00-05:00,389.16,389.16,389,389,,,,,,,,,388.19999999999993,,,390.9503999999997,389.3803500000005,13
2026-02-25T17:53:00-05:00,388.75,388.75,388.51,388.51,,,,,,,,,388.19999999999993,,,390.85059999999976,389.3833500000005,391
2026-02-25T17:54:00-05:00,388.89,388.89,388.6,388.7,,,,,,,,,388.19999999999993,,,390.75059999999974,389.38595000000043,291
2026-02-25T17:55:00-05:00,388.7,388.7,387.84,387.84,,,,,,,,,388.19999999999993,,,390.62839999999983,389.38535000000047,1936
2026-02-25T17:56:00-05:00,387.8,387.8,387.59,387.59,,,,,,,,,388.19999999999993,,,390.50139999999976,389.38320000000044,34
2026-02-25T17:57:00-05:00,387.55,387.75,387.42,387.42,,,,,,,,,388.19999999999993,,,390.37959999999975,389.38110000000046,487
2026-02-25T17:58:00-05:00,387.35,387.35,386.83,386.85,,,,,,,,,388.19999999999993,,,390.24759999999975,389.3758000000005,665
2026-02-25T17:59:00-05:00,387.04,387.21,387.04,387.21,,,,,,,,,388.19999999999993,,,390.1161999999997,389.37210000000044,52
2026-02-25T18:00:00-05:00,387.25,387.29,387.25,387.29,,,,,,,,,388.19999999999993,,,389.9917999999997,389.36860000000047,1018
2026-02-25T18:01:00-05:00,388,388,387.5,387.5,,,,,,,,,388.19999999999993,,,389.87119999999976,389.36635000000047,336
2026-02-25T18:02:00-05:00,387.82,387.88,386.83,386.99,,,,,,,,,388.19999999999993,,,389.76099999999974,389.3621500000004,434
2026-02-25T18:03:00-05:00,386.97,386.98,386.8,386.8,,,,,,,,,388.19999999999993,,,389.64699999999976,389.35595000000035,858
2026-02-25T18:04:00-05:00,386.9,387.19,386.9,387.19,,,,,,,,,388.19999999999993,,,389.5443999999997,389.3509000000003,55
2026-02-25T18:05:00-05:00,386.86,386.92,386.4,386.4,,,,,,,,,388.19999999999993,,,389.4419999999998,389.34285000000034,187
2026-02-25T18:06:00-05:00,386.7,386.79,386.7,386.79,,,,,,,,,388.19999999999993,,,389.34699999999975,389.3366000000003,126
2026-02-25T18:07:00-05:00,386.7,386.7,386.7,386.7,,,,,,,,,388.19999999999993,,,389.2637999999998,389.3304000000004,10
2026-02-25T18:08:00-05:00,387.1,387.1,387.1,387.1,,,,,,,,,388.19999999999993,,,389.18599999999975,389.32870000000037,30
2026-02-25T18:10:00-05:00,387.2,387.21,387,387,,,,,,,,,388.19999999999993,,,389.0981999999998,389.3252000000004,130
2026-02-25T18:11:00-05:00,386.89,386.9,386.89,386.9,,,,,,,,,388.19999999999993,,,389.00119999999976,389.32130000000035,43
2026-02-25T18:12:00-05:00,386.95,386.95,386.8,386.8,,,,,,,,,388.19999999999993,,,388.9093999999998,389.31685000000033,142
2026-02-25T18:13:00-05:00,386.57,386.57,386.56,386.56,,,,,,,,,388.19999999999993,,,388.8007999999998,389.3112000000003,40
2026-02-25T18:14:00-05:00,386.65,386.65,386.65,386.65,,,,,,,,,388.19999999999993,,,388.6939999999998,389.3051500000003,10
2026-02-25T18:16:00-05:00,386.75,386.75,386.75,386.75,,,,,,,,,388.19999999999993,,,388.6057999999998,389.29895000000033,30
2026-02-25T18:17:00-05:00,386.75,386.75,386.75,386.75,,,,,,,,,388.19999999999993,,,388.51419999999985,389.2929000000003,5
2026-02-25T18:18:00-05:00,386.56,386.6,386.5,386.5,,,,,,,,,388.19999999999993,,,388.4125999999998,389.28535000000034,205
2026-02-25T18:20:00-05:00,386.47,386.6,386.47,386.6,,,,,,,,,388.19999999999993,,,388.3225999999998,389.27865000000037,21
2026-02-25T18:21:00-05:00,386.62,386.62,386.5,386.5,,,,,,,,,388.19999999999993,,,388.2325999999998,389.2718000000004,77
2026-02-25T18:22:00-05:00,386.5,386.5,386.5,386.5,,,,,,,,,388.19999999999993,,,388.1565999999998,389.2630000000004,75
2026-02-25T18:23:00-05:00,386.5,386.5,386.5,386.5,,,,,,,,,388.19999999999993,,,388.0751999999998,389.2548000000004,6
2026-02-25T18:24:00-05:00,386.45,386.45,386.44,386.44,,,,,,,,,388.19999999999993,,,388.0187999999998,389.24600000000044,45
2026-02-25T18:25:00-05:00,386.18,386.18,386.12,386.12,,,,,,,,,388.19999999999993,,,387.9501999999998,389.2366000000004,114
2026-02-25T18:26:00-05:00,386.16,386.16,385.75,385.75,,,,,,,,,388.19999999999993,,,387.8653999999998,389.2264000000004,462
2026-02-25T18:27:00-05:00,385.7,385.8,385.41,385.41,,,,,,,,,388.19999999999993,,,387.7815999999998,389.2157000000004,550
2026-02-25T18:28:00-05:00,385.96,386.01,385.54,385.54,,,,,,,,,388.19999999999993,,,387.6863999999998,389.20545000000044,340
2026-02-25T18:30:00-05:00,385.8,386.2,385.8,386.2,,,,,,,,,388.19999999999993,,,387.61039999999986,389.1977000000004,81
2026-02-25T18:31:00-05:00,385.88,385.88,385.88,385.88,,,,,,,,,388.19999999999993,,,387.5279999999999,389.1891500000004,40
2026-02-25T18:32:00-05:00,385.9,385.95,385.24,385.24,,,,,,,,,388.19999999999993,,,387.44759999999985,389.1776000000004,248
2026-02-25T18:33:00-05:00,385.18,385.18,385.18,385.18,,,,,,,,,388.19999999999993,,,387.3711999999999,389.1655500000004,9
2026-02-25T18:34:00-05:00,385.16,385.16,384.5,384.61,,,,,,,,,388.19999999999993,,,387.2901999999999,389.1492000000004,1553
2026-02-25T18:35:00-05:00,384.73,385.03,384.73,385.03,,,,,,,,,388.19999999999993,,,387.21979999999996,389.13460000000043,3
2026-02-25T18:36:00-05:00,384.78,384.78,384.78,384.78,,,,,,,,,388.19999999999993,,,387.14439999999996,389.11920000000043,4
2026-02-25T18:37:00-05:00,384.91,384.91,384.75,384.75,,,,,,,,,388.19999999999993,,,387.05639999999994,389.1031500000005,106
2026-02-25T18:38:00-05:00,384.75,384.84,384.75,384.84,,,,,,,,,388.19999999999993,,,386.9731999999999,389.08715000000046,101
2026-02-25T18:39:00-05:00,384.85,384.88,384.19,384.2,,,,,,,,,388.19999999999993,,,386.86119999999994,389.0676000000005,199
2026-02-25T18:40:00-05:00,384.06,384.06,383.8,383.94,,,,,,,,,388.19999999999993,,,386.7439999999999,389.0468000000004,279
2026-02-25T18:41:00-05:00,383.87,384.55,383.87,384,,,,,,,,,388.19999999999993,,,386.6279999999999,389.0266000000005,548
2026-02-25T18:42:00-05:00,383.71,384.5,383.501,384.5,,,,,,,,,388.19999999999993,,,386.5219999999999,389.00930000000045,57
2026-02-25T18:43:00-05:00,384.05,384.299,383.7,384.299,,,,,,,,,388.19999999999993,,,386.4179799999999,388.99119500000046,28
2026-02-25T18:44:00-05:00,383.51,384.55,383.51,384.55,,,,,,,,,388.19999999999993,,,386.3287799999998,388.9740450000004,743
2026-02-25T18:45:00-05:00,384.56,385.699,384.34,385,,,,,,,,,388.19999999999993,,,386.2429799999998,388.95924500000035,330
2026-02-25T18:46:00-05:00,384.9,385.399,384.9,385.27,,,,,,,,,388.19999999999993,,,386.16837999999984,388.94609500000035,107
2026-02-25T18:47:00-05:00,385.21,385.6,385.21,385.3,,,,,,,,,388.19999999999993,,,386.1041799999998,388.93269500000036,474
2026-02-25T18:48:00-05:00,385.12,385.12,385.12,385.12,,,,,,,,,388.19999999999993,,,386.0325799999999,388.91774500000037,25
2026-02-25T18:49:00-05:00,384.98,384.98,384.88,384.88,,,,,,,,,388.19999999999993,,,385.9733799999999,388.9016950000003,63
2026-02-25T18:50:00-05:00,384.98,384.98,384.98,384.98,,,,,,,,,388.19999999999993,,,385.92117999999994,388.8871950000003,50
2026-02-25T18:51:00-05:00,384.98,385.07,384.8,384.9,,,,,,,,,388.19999999999993,,,385.87077999999985,388.8715950000003,105
2026-02-25T18:53:00-05:00,384.53,384.53,384,384.03,,,,,,,,,388.19999999999993,,,385.81437999999997,388.8517450000004,384
2026-02-25T18:54:00-05:00,384.53,384.75,384.53,384.75,,,,,,,,,388.19999999999993,,,385.7651799999999,388.83474500000034,34
2026-02-25T18:55:00-05:00,384.99,385.7,384.99,385.7,,,,,,,,,388.19999999999993,,,385.73337999999995,388.8237950000003,216
2026-02-25T18:56:00-05:00,385.76,386.07,385.7,386,,,,,,,,,388.19999999999993,,,385.70338,388.8125450000002,216
2026-02-25T18:57:00-05:00,386.35,386.35,385.86,386,,,,,,,,,388.19999999999993,,,385.68357999999995,388.80224500000026,209
2026-02-25T18:59:00-05:00,385.75,385.75,385.45,385.45,,,,,,,,,388.19999999999993,,,385.65657999999996,388.78989500000023,503
2026-02-25T19:03:00-05:00,386.399,386.399,386.399,386.399,,,,,,,,,388.19999999999993,,,385.64075999999994,388.78189000000026,1
2026-02-25T19:05:00-05:00,385.59,385.59,385.58,385.58,,,,,,,,,388.19999999999993,,,385.62436,388.77089000000024,20
2026-02-25T19:07:00-05:00,385.5,385.5,385.5,385.5,,,,,,,,,388.19999999999993,,,385.5985599999999,388.75904000000025,10
2026-02-25T19:08:00-05:00,385.44,385.5,385.44,385.5,,,,,,,,,388.19999999999993,,,385.5745599999999,388.7479900000003,35
2026-02-25T19:09:00-05:00,385.79,385.79,385.79,385.79,,,,,,,,,388.19999999999993,,,385.54835999999995,388.73864000000026,2
2026-02-25T19:10:00-05:00,385.79,385.99,385.79,385.99,,,,,,,,,388.19999999999993,,,385.5281599999999,388.7306400000002,164
2026-02-25T19:11:00-05:00,385.92,385.92,385.92,385.92,,,,,,,,,388.19999999999993,,,385.50856,388.7222400000002,8
2026-02-25T19:12:00-05:00,385.91,385.91,385.91,385.91,,,,,,,,,388.19999999999993,,,385.4907599999999,388.7132900000002,15
2026-02-25T19:13:00-05:00,386.27,386.28,386.27,386.28,,,,,,,,,388.19999999999993,,,385.48515999999995,388.70599000000016,50
2026-02-25T19:15:00-05:00,386.15,386.15,386.15,386.15,,,,,,,,,388.19999999999993,,,385.47515999999996,388.6981900000002,20
2026-02-25T19:18:00-05:00,386.31,386.35,385.91,386.35,,,,,,,,,388.19999999999993,,,385.4671599999999,388.6915900000002,185
2026-02-25T19:21:00-05:00,386.29,386.44,386.29,386.44,,,,,,,,,388.19999999999993,,,385.46096,388.68444000000017,619
2026-02-25T19:22:00-05:00,386.44,386.44,386.44,386.44,,,,,,,,,388.19999999999993,,,385.45975999999996,388.6767400000001,1
2026-02-25T19:23:00-05:00,386.64,386.65,386.41,386.41,,,,,,,,,388.19999999999993,,,385.45596,388.6686900000002,12
2026-02-25T19:24:00-05:00,386.52,386.52,386.52,386.52,,,,,,,,,388.19999999999993,,,385.4563599999999,388.6626400000002,218
2026-02-25T19:28:00-05:00,386.76,386.77,386.74,386.77,,,,,,,,,388.19999999999993,,,385.4617599999999,388.6578900000002,813
2026-02-25T19:29:00-05:00,386.74,386.74,386.74,386.74,,,,,,,,,388.19999999999993,,,385.4665599999999,388.65269000000023,100
2026-02-25T19:30:00-05:00,386.99,386.99,386.84,386.99,,,,,,,,,388.19999999999993,,,385.4775599999999,388.6487400000002,45
2026-02-25T19:31:00-05:00,386.74,386.8,386.72,386.79,,,,,,,,,388.19999999999993,,,385.4909599999999,388.6438400000002,140
2026-02-25T19:33:00-05:00,386.7,386.7,386.7,386.7,,,,,,,,,388.19999999999993,,,385.5099599999999,388.6384900000002,64
2026-02-25T19:34:00-05:00,386.7,386.7,386.7,386.7,,,,,,,,,388.19999999999993,,,385.53575999999987,388.63394000000017,5
2026-02-25T19:39:00-05:00,386.55,386.55,386.5,386.5,,,,,,,,,388.19999999999993,,,385.55495999999994,388.62839000000014,63
2026-02-25T19:42:00-05:00,386.33,386.33,386.33,386.33,,,,,,,,,388.19999999999993,,,385.55755999999985,388.6233400000001,101
2026-02-25T19:44:00-05:00,386.28,386.3,386.25,386.25,,,,,,,,,388.19999999999993,,,385.5649599999999,388.6186400000001,138
2026-02-25T19:45:00-05:00,386.25,386.25,386.25,386.25,,,,,,,,,388.19999999999993,,,385.58515999999986,388.61384000000015,23
2026-02-25T19:46:00-05:00,386.25,386.26,386.25,386.25,,,,,,,,,388.19999999999993,,,385.6065599999999,388.60914000000014,202
2026-02-25T19:48:00-05:00,386.31,386.4,386.31,386.4,,,,,,,,,388.19999999999993,,,385.6423599999998,388.6038900000001,42
2026-02-25T19:49:00-05:00,386.57,386.69,386.26,386.3,,,,,,,,,388.19999999999993,,,385.6677599999998,388.5990400000002,259
2026-02-25T19:50:00-05:00,386.25,386.53,386.2,386.53,,,,,,,,,388.19999999999993,,,385.70275999999984,388.59499000000017,1121
2026-02-25T19:51:00-05:00,386.52,386.54,386.52,386.54,,,,,,,,,388.19999999999993,,,385.7385599999998,388.5905400000002,208
2026-02-25T19:52:00-05:00,386.28,386.28,386.28,386.28,,,,,,,,,388.19999999999993,,,385.76735999999977,388.5845900000001,1
2026-02-25T19:53:00-05:00,386.27,386.27,386.2,386.2,,,,,,,,,388.19999999999993,,,385.80735999999973,388.57699000000014,316
2026-02-25T19:54:00-05:00,386.27,386.27,386.27,386.27,,,,,,,,,388.19999999999993,,,385.8539599999998,388.5682900000002,8
2026-02-25T19:55:00-05:00,386.2,386.2,386.2,386.2,,,,,,,,,388.19999999999993,,,385.8979599999997,388.55934000000013,62
2026-02-25T19:58:00-05:00,386.66,386.66,386.65,386.65,,,,,,,,,388.19999999999993,,,385.94095999999973,388.55219000000017,150
2026-02-26T04:00:00-05:00,387.89,390.72,387.76,389.3,,,,,,,,,391.2,390.72,387.76,386.0409799999997,388.5596400000002,1536
2026-02-26T04:01:00-05:00,389.2,389.75,389.2,389.75,,,,,,,,,391.2,390.72,387.76,386.1449799999997,388.56839000000014,177
2026-02-26T04:02:00-05:00,389.4,389.66,389.1,389.5,,,,,,,,,391.2,390.72,387.76,386.2349799999997,388.57589000000013,181
2026-02-26T04:03:00-05:00,389.47,389.65,389.1,389.65,,,,,,,,,391.2,390.72,387.76,386.3225799999997,388.5841400000001,36
2026-02-26T04:04:00-05:00,389.25,389.25,389.25,389.25,,,,,,,,,391.2,390.72,387.76,386.4015799999997,388.58979000000016,58
2026-02-26T04:05:00-05:00,389.42,389.49,389.3,389.49,,,,,,,,,391.2,390.72,387.76,386.48897999999963,388.5967400000001,117
2026-02-26T04:06:00-05:00,389.5,389.5,389.49,389.49,,,,,,,,,391.2,390.72,387.76,386.5811799999997,388.6038400000001,20
2026-02-26T04:07:00-05:00,389.41,389.41,389.41,389.41,,,,,,,,,391.2,390.72,387.76,386.66977999999966,388.61004000000014,2
2026-02-26T04:08:00-05:00,389.47,389.5,389.47,389.5,,,,,,,,,391.2,390.72,387.76,386.7617799999997,388.6171400000001,35
2026-02-26T04:09:00-05:00,389.47,389.47,389.47,389.47,,,,,,,,,391.2,390.72,387.76,386.8705799999997,388.62404000000026,1
2026-02-26T04:10:00-05:00,389.67,389.67,389.65,389.65,,,,,,,,,391.2,390.72,387.76,386.96857999999963,388.63134000000025,33
2026-02-26T04:11:00-05:00,389.53,389.53,389.46,389.48,,,,,,,,,391.2,390.72,387.76,387.04417999999964,388.6367400000002,45
2026-02-26T04:12:00-05:00,389.47,390.2,389.47,389.9,,,,,,,,,390.59999999999997,390.72,387.76,387.1221799999996,388.64624000000026,1054
2026-02-26T04:13:00-05:00,389.99,390.03,389.99,390.03,,,,,,,,,390.59999999999997,390.72,387.76,387.2027799999996,388.65779000000026,81
2026-02-26T04:14:00-05:00,390.19,390.19,390.07,390.07,,,,,,,,,390.59999999999997,390.72,387.76,387.2951799999996,388.6703900000003,171
2026-02-26T04:15:00-05:00,390.16,390.16,390.16,390.16,,,,,,,,,390.59999999999997,390.72,387.76,387.3703999999996,388.6846900000003,13
2026-02-26T04:16:00-05:00,390.13,390.15,390.03,390.15,,,,,,,,,390.59999999999997,390.72,387.76,387.46179999999964,388.69794000000024,268
2026-02-26T04:17:00-05:00,390.2,390.37,390.11,390.11,,,,,,,,,390.59999999999997,390.72,387.76,387.5539999999996,388.71094000000016,636
2026-02-26T04:18:00-05:00,390.1,390.2,390.1,390.2,,,,,,,,,390.59999999999997,390.72,387.76,387.64799999999957,388.7244400000002,3
2026-02-26T04:19:00-05:00,390.06,390.12,390.06,390.12,,,,,,,,,390.59999999999997,390.72,387.76,387.73459999999955,388.73754000000025,6
2026-02-26T04:20:00-05:00,390.09,390.2,390.09,390.2,,,,,,,,,390.59999999999997,390.72,387.76,387.8187999999996,388.74989000000016,7
2026-02-26T04:21:00-05:00,390.34,390.34,390.265,390.265,,,,,,,,,390.59999999999997,390.72,387.76,387.90569999999957,388.7609650000002,36
2026-02-26T04:22:00-05:00,390.42,390.42,390.42,390.42,,,,,,,,,390.59999999999997,390.72,387.76,387.99589999999955,388.7720650000002,6
2026-02-26T04:23:00-05:00,390.37,390.37,390.3,390.3,,,,,,,,,390.59999999999997,390.72,387.76,388.0762999999995,388.77356500000025,56
2026-02-26T04:24:00-05:00,390.4,390.41,390.4,390.41,,,,,,,,,390.59999999999997,390.72,387.76,388.1614999999995,388.7753150000002,19
2026-02-26T04:25:00-05:00,390.3,390.33,390.3,390.3,,,,,,,,,390.59999999999997,390.72,387.76,388.24049999999954,388.77261500000014,67
2026-02-26T04:26:00-05:00,390.41,390.41,390.41,390.41,,,,,,,,,390.59999999999997,390.72,387.76,388.31989999999945,388.76716500000015,49
2026-02-26T04:27:00-05:00,390.32,390.32,390.32,390.32,,,,,,,,,390.59999999999997,390.72,387.76,388.39749999999947,388.7595650000001,3
2026-02-26T04:28:00-05:00,390.38,390.38,390.28,390.31,,,,,,,,,390.59999999999997,390.72,387.76,388.47549999999944,388.7567650000001,184
2026-02-26T04:29:00-05:00,390.3,390.35,390.3,390.32,,,,,,,,,390.59999999999997,390.72,387.76,388.5514999999994,388.75386500000013,163
2026-02-26T04:30:00-05:00,390.31,390.31,390.24,390.24,,,,,,,,,390.59999999999997,390.72,387.76,388.62089999999944,388.74776500000013,37
2026-02-26T04:31:00-05:00,390.28,390.35,390.25,390.28,,,,,,,,,390.59999999999997,390.72,387.76,388.69169999999946,388.7406650000002,185
2026-02-26T04:32:00-05:00,390.45,390.5,390.45,390.5,,,,,,,,,390.59999999999997,390.72,387.76,388.76189999999946,388.72941500000013,52
2026-02-26T04:33:00-05:00,390.39,390.39,390.39,390.39,,,,,,,,,390.59999999999997,390.72,387.76,388.83389999999946,388.7173150000002,20
2026-02-26T04:34:00-05:00,390.55,390.55,390.49,390.52,,,,,,,,,390.59999999999997,390.72,387.76,388.9102999999995,388.7073650000002,56
2026-02-26T04:35:00-05:00,390.54,390.54,390.4,390.4,,,,,,,,,390.59999999999997,390.72,387.76,388.9842999999995,388.6947150000002,50
2026-02-26T04:36:00-05:00,390.59,390.59,390.45,390.45,,,,,,,,,390.59999999999997,390.72,387.76,389.0632999999995,388.68066500000015,31
2026-02-26T04:37:00-05:00,390.43,390.54,390.43,390.54,,,,,,,,,390.59999999999997,390.72,387.76,389.14749999999947,388.66586500000017,11
2026-02-26T04:39:00-05:00,390.72,390.72,390.63,390.72,,,,,,,,,390.59999999999997,390.72,387.76,389.2368999999996,388.65581500000013,49
2026-02-26T04:40:00-05:00,390.8,390.8,390.8,390.8,,,,,,,,,390.59999999999997,390.8,387.76,389.32789999999954,388.6430650000002,1
2026-02-26T04:41:00-05:00,390.8,390.8,390.63,390.65,,,,,,,,,390.59999999999997,390.8,387.76,389.4158999999996,388.6337650000002,91
2026-02-26T04:42:00-05:00,390.7,390.73,390.56,390.64,,,,,,,,,390.59999999999997,390.8,387.76,389.50069999999954,388.6204650000002,29
2026-02-26T04:43:00-05:00,390.63,390.63,390.63,390.63,,,,,,,,,390.59999999999997,390.8,387.76,389.5872999999995,388.6076150000001,8
2026-02-26T04:44:00-05:00,390.72,390.87,390.7,390.85,,,,,,,,,390.59999999999997,390.87,387.76,389.67369999999954,388.5958650000002,118
2026-02-26T04:45:00-05:00,390.89,391,390.89,390.98,,,,,,,,,390.59999999999997,391,387.76,389.7624999999995,388.5842650000002,190
2026-02-26T04:46:00-05:00,390.93,391.05,390.93,391.05,,,,,,,,,390.59999999999997,391.05,387.76,389.8578999999995,388.57436500000017,75
2026-02-26T04:47:00-05:00,391.05,391.05,391.03,391.03,,,,,,,,,390.59999999999997,391.05,387.76,389.95449999999954,388.5596150000002,43
2026-02-26T04:48:00-05:00,391.09,391.09,391.09,391.09,,,,,,,,,390.59999999999997,391.09,387.76,390.0508999999995,388.54131500000017,2
2026-02-26T04:49:00-05:00,391.15,391.45,391.15,391.2,,,,,,,,,390.59999999999997,391.45,387.76,390.1508999999995,388.52481500000016,1372
2026-02-26T04:50:00-05:00,391.18,391.18,391.18,391.18,,,,,,,,,390.59999999999997,391.45,387.76,390.2414999999995,388.51106500000014,1
2026-02-26T04:51:00-05:00,391.255,391.37,391.255,391.355,,,,,,,,,390.59999999999997,391.45,387.76,390.2825999999995,388.4963400000002,57
2026-02-26T04:52:00-05:00,391.37,391.41,391.15,391.29,,,,,,,,,390.59999999999997,391.45,387.76,390.31339999999943,388.48154000000017,248
2026-02-26T04:53:00-05:00,391.21,391.21,391.1,391.1,,,,,,,,,390.59999999999997,391.45,387.76,390.3453999999995,388.4674400000001,83
2026-02-26T04:54:00-05:00,391.04,391.08,390.9,390.9,,,,,,,,,390.59999999999997,391.45,387.76,390.3703999999995,388.4529400000002,99
2026-02-26T04:55:00-05:00,391.1,391.1,391.1,391.1,,,,,,,,,390.59999999999997,391.45,387.76,390.4073999999995,388.4409400000002,1
2026-02-26T04:56:00-05:00,391.1,391.275,391.1,391.275,,,,,,,,,390.59999999999997,391.45,387.76,390.44309999999945,388.42881500000016,30
2026-02-26T04:57:00-05:00,391.11,391.11,391.11,391.11,,,,,,,,,390.59999999999997,391.45,387.76,390.4754999999995,388.4146150000002,30
2026-02-26T04:58:00-05:00,391.19,391.19,391.19,391.19,,,,,,,,,390.59999999999997,391.45,387.76,390.5110999999995,388.4008650000002,21
2026-02-26T04:59:00-05:00,391,391,391,391,,,,,,,,,390.59999999999997,391.45,387.76,390.5410999999995,388.3883150000002,47
2026-02-26T05:00:00-05:00,391.01,391.01,391,391,,,,,,,,,390.59999999999997,391.45,387.76,390.57169999999945,388.37606500000015,70
2026-02-26T05:01:00-05:00,391.05,391.06,391.01,391.01,,,,,,,,,390.59999999999997,391.45,387.76,390.5988999999995,388.36221500000016,145
2026-02-26T05:02:00-05:00,391.14,391.14,391,391.01,,,,,,,,,390.59999999999997,391.45,387.76,390.62949999999944,388.3497150000001,22
2026-02-26T05:03:00-05:00,391,391,391,391,,,,,,,,,390.59999999999997,391.45,387.76,390.65149999999943,388.33706500000017,21
2026-02-26T05:04:00-05:00,391.01,391.14,391,391.01,,,,,,,,,390.59999999999997,391.45,387.76,390.6710999999994,388.3296150000002,200
2026-02-26T05:05:00-05:00,391.01,391.16,391.01,391.16,,,,,,,,,390.59999999999997,391.45,387.76,390.69289999999944,388.3229150000002,170
2026-02-26T05:06:00-05:00,391,391.14,390.97,390.97,,,,,,,,,390.59999999999997,391.45,387.76,390.70909999999947,388.31616500000024,17
2026-02-26T05:07:00-05:00,391.13,391.13,391.13,391.13,,,,,,,,,390.59999999999997,391.45,387.76,390.72869999999944,388.3142150000003,6
2026-02-26T05:08:00-05:00,391.15,391.15,391.15,391.15,,,,,,,,,390.59999999999997,391.45,387.76,390.74949999999944,388.31226500000025,40