time,open,high,low,close,PM High,PM Low,Yest High,Yest Low,Week High,Week Low,ORB High,ORB Low,9 EMA,Short Entry,Long Entry,POC_,PM High (continuous),PM Low (continuous),MA,MA,Volume,Volume MA
2026-02-26T10:57:00-05:00,186.19,186.45,186.08,186.45,,,,,,,,,186.28342579683647,0,0,186.79999999999987,198.99,193.97,186.3931000000018,193.0795499999996,70355,104329
2026-02-26T10:58:00-05:00,186.44,186.645,186.385,186.4,,,,,,,,,186.30674063746918,0,0,186.79999999999987,198.99,193.97,186.3433000000018,193.0204249999996,99758,104470.85
2026-02-26T10:59:00-05:00,186.39,186.525,186.12,186.32,,,,,,,,,186.30939250997534,0,0,186.79999999999987,198.99,193.97,186.29890000000177,192.9606749999996,102534,104571.25
2026-02-26T11:00:00-05:00,186.33,186.95,186.24,186.95,,,,,,,,,186.43751400798027,0,0,186.79999999999987,198.99,193.97,186.26780000000178,192.90397499999963,110966,103918.35
2026-02-26T11:01:00-05:00,186.94,186.975,186.82,186.855,,,,,,,,,186.5210112063842,0,0,186.79999999999987,198.99,193.97,186.23930000000178,192.8469999999996,72978,101381.7
2026-02-26T11:02:00-05:00,186.85,186.93,186.47,186.72,,,,,,,,,186.56080896510736,0,0,186.79999999999987,198.99,193.97,186.22570000000178,192.78849999999957,97936,100029.35
2026-02-26T11:03:00-05:00,186.7,187.06,186.64,186.94,,,,,,,,,186.63664717208587,0,0,186.79999999999987,198.99,193.97,186.2142000000018,192.73149999999958,102383,99035.45
2026-02-26T11:04:00-05:00,186.94,187.16,186.85,187.15,,,,,,,,,186.7393177376687,0,0,186.79999999999987,198.99,193.97,186.2192000000018,192.67664999999957,82033,97004.5
2026-02-26T11:05:00-05:00,187.14,187.46,187,187.33,,,,,,,,,186.85745419013497,0,0,186.79999999999987,198.99,193.97,186.22610000000182,192.62579999999957,137792,99316.25
2026-02-26T11:06:00-05:00,187.34,187.41,186.96,187.18,,,,,,,,,186.92196335210798,0,0,186.79999999999987,198.99,193.97,186.23950000000178,192.57369999999955,106193,92944.55
2026-02-26T11:07:00-05:00,187.17,187.36,186.93,187.32,,,,,,,,,187.0015706816864,0,0,186.79999999999987,198.99,193.97,186.2573000000018,192.5220999999996,86955,92659.35
2026-02-26T11:08:00-05:00,187.32,187.33,187.07,187.26,,,,,,,,,187.05325654534911,0,0,186.79999999999987,198.99,193.97,186.28250000000182,192.4703999999996,77241,91363.4
2026-02-26T11:09:00-05:00,187.26,187.28,187.08,187.15,,,,,,,,,187.0726052362793,0,0,186.79999999999987,198.99,193.97,186.29750000000183,192.41794999999954,69545,91244.15
2026-02-26T11:10:00-05:00,187.15,187.295,187.04,187.11,,,,,,,,,187.08008418902344,0,0,186.79999999999987,198.99,193.97,186.3243000000018,192.36464999999956,68384,89972.1
2026-02-26T11:11:00-05:00,187.105,187.31,187.07,187.18,,,,,,,,,187.10006735121874,0,0,186.79999999999987,198.99,193.97,186.35130000000186,192.31314999999955,56825,88992.5
2026-02-26T11:12:00-05:00,187.195,187.44,187.08,187.29,,,,,,,,,187.13805388097498,0,0,186.79999999999987,198.99,193.97,186.37790000000183,192.26219999999958,79556,87780.1
2026-02-26T11:13:00-05:00,187.28,187.58,187.19,187.48,,,,,,,,,187.20644310478,0,0,186.79999999999987,198.99,193.97,186.40730000000184,192.21164999999954,124248,89130.1
2026-02-26T11:14:00-05:00,187.47,187.485,187.17,187.305,,,,,,,,,187.226154483824,0,0,186.79999999999987,198.99,193.97,186.43900000000184,192.16032499999955,54179,88079.75
2026-02-26T11:15:00-05:00,187.3,187.59,187.22,187.49,,,,,,,,,187.27892358705918,0,0,186.79999999999987,198.99,193.97,186.45800000000182,192.10927499999954,91752,87502.5
2026-02-26T11:16:00-05:00,187.49,187.63,187.4,187.59,,,,,,,,,187.34113886964735,0,0,186.79999999999987,198.99,193.97,186.4768000000018,192.05847499999953,82107,88686
2026-02-26T11:17:00-05:00,187.6,187.6,187.27,187.44,,,,,,,,,187.36091109571788,0,0,186.79999999999987,198.99,193.97,186.50570000000178,192.00767499999955,61723,88254.4
2026-02-26T11:18:00-05:00,187.425,187.62,187.38,187.61,,,,,,,,,187.4107288765743,0,0,186.79999999999987,198.99,193.97,186.5413000000018,191.95797499999952,46655,85599.25
2026-02-26T11:19:00-05:00,187.575,187.605,187.23,187.32,,,,,,,,,187.39258310125945,0,0,186.79999999999987,198.99,193.97,186.5655000000018,191.90612499999952,76756,84310.35
2026-02-26T11:20:00-05:00,187.31,187.36,187.16,187.29,,,,,,,,,187.37206648100755,0,0,186.79999999999987,198.99,193.97,186.5953000000018,191.85427499999955,62402,81882.15
2026-02-26T11:21:00-05:00,187.29,187.48,187.29,187.32,,,,,,,,,187.36165318480604,0,0,186.79999999999987,198.99,193.97,186.6203000000018,191.80392499999954,46430,80554.75
2026-02-26T11:22:00-05:00,187.32,187.52,187.29,187.36,,,,,,,,,187.36132254784485,0,0,186.79999999999987,198.99,193.97,186.6633000000018,191.75452499999952,58339,78574.9
2026-02-26T11:23:00-05:00,187.37,187.54,187.33,187.52,,,,,,,,,187.39305803827588,0,0,186.79999999999987,198.99,193.97,186.70930000000183,191.7062249999995,36822,75296.85
2026-02-26T11:24:00-05:00,187.53,187.67,187.45,187.485,,,,,,,,,187.4114464306207,0,0,186.79999999999987,198.99,193.97,186.76360000000182,191.6580499999995,47963,73593.35
2026-02-26T11:25:00-05:00,187.485,187.77,187.47,187.765,,,,,,,,,187.48215714449657,0,0,186.79999999999987,198.99,193.97,186.80950000000183,191.61167499999954,94075,71407.5
2026-02-26T11:26:00-05:00,187.77,187.9,187.7,187.86,,,,,,,,,187.55772571559726,0,0,186.79999999999987,198.99,193.97,186.85650000000183,191.56542499999952,74943,69845
2026-02-26T11:27:00-05:00,187.84,187.915,187.79,187.91,,,,,,,,,187.62818057247782,0,0,186.79999999999987,198.99,193.97,186.89790000000178,191.51907499999953,57100,68352.25
2026-02-26T11:28:00-05:00,187.92,187.93,187.82,187.9,,,,,,,,,187.68254445798226,0,0,186.79999999999987,198.99,193.97,186.9299000000018,191.47362499999952,31942,66087.3
2026-02-26T11:29:00-05:00,187.9,187.93,187.79,187.79,,,,,,,,,187.7040355663858,0,0,186.79999999999987,198.99,193.97,186.95790000000179,191.42782499999953,62774,65748.75
2026-02-26T11:30:00-05:00,187.78,187.92,187.62,187.895,,,,,,,,,187.74222845310865,0,0,186.79999999999987,198.99,193.97,186.9914000000018,191.3817999999995,62377,65448.4
2026-02-26T11:31:00-05:00,187.9,187.965,187.7,187.72,,,,,,,,,187.73778276248692,0,0,186.79999999999987,198.99,193.97,187.0133000000018,191.3350999999995,46901,64952.2
2026-02-26T11:32:00-05:00,187.72,187.95,187.64,187.86,,,,,,,,,187.76222620998954,0,0,186.79999999999987,198.99,193.97,187.04210000000182,191.28774999999953,48301,63389.45
2026-02-26T11:33:00-05:00,187.86,187.9,187.77,187.83,,,,,,,,,187.77578096799164,0,0,186.79999999999987,198.99,193.97,187.0651000000018,191.2399499999995,27859,58570
2026-02-26T11:34:00-05:00,187.85,187.92,187.74,187.88,,,,,,,,,187.7966247743933,0,0,186.79999999999987,198.99,193.97,187.0887000000018,191.19229999999953,32318,57476.95
2026-02-26T11:35:00-05:00,187.88,187.97,187.84,187.84,,,,,,,,,187.80529981951466,0,0,186.79999999999987,198.99,193.97,187.11310000000182,191.14424999999952,29024,54340.55
2026-02-26T11:36:00-05:00,187.85,187.85,187.45,187.49,,,,,,,,,187.74223985561173,0,0,186.79999999999987,198.99,193.97,187.14310000000182,191.09404999999953,66369,53553.65
2026-02-26T11:37:00-05:00,187.5,187.58,187.32,187.345,,,,,,,,,187.6627918844894,0,0,186.79999999999987,198.99,193.97,187.16450000000182,191.0431749999995,61568,53545.9
2026-02-26T11:38:00-05:00,187.36,187.39,187.19,187.36,,,,,,,,,187.6022335075915,0,0,186.79999999999987,198.99,193.97,187.18380000000184,190.99292499999947,61419,54284.1
2026-02-26T11:39:00-05:00,187.35,187.4,187.205,187.36,,,,,,,,,187.55378680607322,0,0,186.79999999999987,198.99,193.97,187.20310000000183,190.9417749999995,38496,52371.1
2026-02-26T11:40:00-05:00,187.35,187.35,187.21,187.29,,,,,,,,,187.50102944485857,0,0,186.79999999999987,198.99,193.97,187.22290000000183,190.89027499999952,40752,51288.6
2026-02-26T11:41:00-05:00,187.28,187.55,187.27,187.47,,,,,,,,,187.49482355588685,0,0,186.79999999999987,198.99,193.97,187.24960000000183,190.83777499999948,47040,51319.1
2026-02-26T11:42:00-05:00,187.47,187.47,187.28,187.375,,,,,,,,,187.47085884470948,0,0,186.79999999999987,198.99,193.97,187.27170000000183,190.7857999999995,36043,50204.3
2026-02-26T11:43:00-05:00,187.37,187.37,187.11,187.11,,,,,,,,,187.39868707576758,0,0,186.79999999999987,198.99,193.97,187.2925000000018,190.73469999999955,45038,50615.1
2026-02-26T11:44:00-05:00,187.115,187.16,186.7,186.73,,,,,,,,,187.26494966061406,0,0,186.79999999999987,198.99,193.97,187.29930000000184,190.68109999999953,140315,55232.7
2026-02-26T11:45:00-05:00,186.73,186.745,186.565,186.65,,,,,,,,,187.14195972849126,0,0,186.79999999999987,198.99,193.97,187.3087000000018,190.62774999999954,72754,54166.65
2026-02-26T11:46:00-05:00,186.655,186.79,186.53,186.605,,,,,,,,,187.034567782793,0,0,186.79999999999987,198.99,193.97,187.31700000000183,190.57427499999955,69980,53918.5
2026-02-26T11:47:00-05:00,186.6,186.855,186.58,186.77,,,,,,,,,186.9816542262344,0,0,186.79999999999987,198.99,193.97,187.3234000000018,190.52117499999957,54748,53800.9
2026-02-26T11:48:00-05:00,186.77,186.89,186.64,186.825,,,,,,,,,186.95032338098753,0,0,186.79999999999987,198.99,193.97,187.33190000000184,190.46804999999958,31491,53778.35
2026-02-26T11:49:00-05:00,186.83,186.92,186.76,186.8,,,,,,,,,186.92025870479003,0,0,186.79999999999987,198.99,193.97,187.34150000000184,190.41509999999954,46511,52965.2
2026-02-26T11:50:00-05:00,186.8,186.97,186.715,186.715,,,,,,,,,186.87920696383202,0,0,186.79999999999987,198.99,193.97,187.33680000000186,190.36182499999956,61925,52942.6
2026-02-26T11:51:00-05:00,186.72,186.85,186.64,186.77,,,,,,,,,186.85736557106563,0,0,186.79999999999987,198.99,193.97,187.3351000000019,190.30932499999955,39246,52559.85
2026-02-26T11:52:00-05:00,186.76,186.85,186.73,186.81,,,,,,,,,186.8478924568525,0,0,186.79999999999987,198.99,193.97,187.3369000000019,190.25777499999955,34151,51852.35
2026-02-26T11:53:00-05:00,186.83,186.93,186.71,186.85,,,,,,,,,186.848313965482,0,0,186.79999999999987,198.99,193.97,187.3351000000019,190.20597499999957,40844,52501.6
2026-02-26T11:54:00-05:00,186.85,186.89,186.65,186.685,,,,,,,,,186.8156511723856,0,0,186.79999999999987,198.99,193.97,187.32580000000186,190.15444999999957,26759,52223.65
2026-02-26T11:55:00-05:00,186.7,186.72,186.45,186.48,,,,,,,,,186.74852093790847,0,0,186.79999999999987,198.99,193.97,187.30880000000187,190.10189999999957,95612,55553.05
2026-02-26T11:56:00-05:00,186.47,186.655,186.42,186.46,,,,,,,,,186.69081675032677,0,0,186.79999999999987,198.99,193.97,187.29440000000187,190.0487499999996,50457,54757.45
2026-02-26T11:57:00-05:00,186.47,186.5,186.14,186.15,,,,,,,,,186.58265340026142,0,0,186.79999999999987,198.99,193.97,187.2710000000019,189.9933499999996,50544,54206.25
2026-02-26T11:58:00-05:00,186.14,186.16,185.89,185.94,,,,,,,,,186.45412272020914,0,0,186.79999999999987,198.99,193.97,187.2446000000019,189.9369999999996,124862,57378.4
2026-02-26T11:59:00-05:00,185.94,186.03,185.85,185.9,,,,,,,,,186.3432981761673,0,0,186.79999999999987,198.99,193.97,187.2196000000019,189.8801499999996,53549,58131.05
2026-02-26T12:00:00-05:00,185.89,186.425,185.89,186.425,,,,,,,,,186.35963854093384,0,0,186.79999999999987,198.99,193.97,187.2059000000019,189.82592499999961,86949,60440.9
2026-02-26T12:01:00-05:00,186.42,186.45,186.34,186.37,,,,,,,,,186.36171083274706,0,0,186.79999999999987,198.99,193.97,187.18970000000186,189.7715249999996,57668,60972.3
2026-02-26T12:02:00-05:00,186.37,186.38,186.24,186.3,,,,,,,,,186.34936866619765,0,0,186.79999999999987,198.99,193.97,187.16990000000192,189.7169749999996,52235,61781.9
2026-02-26T12:03:00-05:00,186.3,186.555,186.29,186.54,,,,,,,,,186.3874949329581,0,0,186.79999999999987,198.99,193.97,187.15110000000186,189.6637749999996,45714,61815.7
2026-02-26T12:04:00-05:00,186.53,186.81,186.53,186.8,,,,,,,,,186.46999594636648,0,0,186.79999999999987,198.99,193.97,187.14100000000187,189.61232499999963,46012,57100.55
2026-02-26T12:05:00-05:00,186.79,186.94,186.755,186.83,,,,,,,,,186.5419967570932,0,0,186.79999999999987,198.99,193.97,187.12780000000188,189.5595749999996,49022,55913.95
2026-02-26T12:06:00-05:00,186.83,186.93,186.79,186.85,,,,,,,,,186.60359740567455,0,0,186.79999999999987,198.99,193.97,187.11300000000188,189.5070249999996,34688,54149.35
2026-02-26T12:07:00-05:00,186.84,187.145,186.81,187.12,,,,,,,,,186.70687792453964,0,0,186.79999999999987,198.99,193.97,187.1066000000019,189.45357499999963,50585,53941.2
2026-02-26T12:08:00-05:00,187.11,187.155,187.05,187.115,,,,,,,,,186.78850233963172,0,0,186.79999999999987,198.99,193.97,187.09670000000187,189.3984499999996,34554,54094.35
2026-02-26T12:09:00-05:00,187.11,187.289,187.1,187.16,,,,,,,,,186.8628018717054,0,0,186.79999999999987,198.99,193.97,187.09350000000188,189.34419999999963,64220,54979.8
2026-02-26T12:10:00-05:00,187.15,187.25,187.1,187.1,,,,,,,,,186.9102414973643,0,0,186.79999999999987,198.99,193.97,187.08970000000187,189.29169999999962,44708,54118.95
2026-02-26T12:11:00-05:00,187.1,187.425,187.06,187.36,,,,,,,,,187.00019319789143,0,0,186.79999999999987,198.99,193.97,187.0905000000019,189.2411499999996,44397,54376.5
2026-02-26T12:12:00-05:00,187.365,187.46,187.36,187.42,,,,,,,,,187.08415455831314,0,0,186.79999999999987,198.99,193.97,187.09170000000188,189.19129999999961,31280,54232.95
2026-02-26T12:13:00-05:00,187.41,187.41,187.1,187.29,,,,,,,,,187.12532364665051,0,0,186.79999999999987,198.99,193.97,187.08710000000184,189.14099999999962,57334,55057.45
2026-02-26T12:14:00-05:00,187.29,187.34,187.02,187.05,,,,,,,,,187.1102589173204,0,0,186.79999999999987,198.99,193.97,187.07840000000186,189.0889499999996,52551,56347.05
2026-02-26T12:15:00-05:00,187.02,187.02,186.68,186.68,,,,,,,,,187.02420713385632,0,0,186.79999999999987,198.99,193.97,187.05670000000188,189.0364499999996,38868,53509.85
2026-02-26T12:16:00-05:00,186.68,187.02,186.63,186.94,,,,,,,,,187.00736570708506,0,0,186.79999999999987,198.99,193.97,187.03830000000187,188.9845999999996,44418,53207.9
2026-02-26T12:17:00-05:00,186.93,187.07,186.9,187.06,,,,,,,,,187.01789256566803,0,0,186.79999999999987,198.99,193.97,187.02130000000187,188.93289999999962,28374,52099.4
2026-02-26T12:18:00-05:00,187.06,187.1,186.945,187.06,,,,,,,,,187.02631405253442,0,0,186.79999999999987,198.99,193.97,187.00450000000185,188.8810999999996,31003,47406.45
2026-02-26T12:19:00-05:00,187.08,187.22,187.04,187.16,,,,,,,,,187.05305124202752,0,0,186.79999999999987,198.99,193.97,186.99190000000183,188.83059999999958,46574,47057.7
2026-02-26T12:20:00-05:00,187.14,187.28,187.11,187.22,,,,,,,,,187.086440993622,0,0,186.79999999999987,198.99,193.97,186.97840000000187,188.77954999999957,34107,44415.6
2026-02-26T12:21:00-05:00,187.22,187.255,187,187.19,,,,,,,,,187.10715279489762,0,0,186.79999999999987,198.99,193.97,186.9678000000019,188.7285999999996,35436,43304
2026-02-26T12:22:00-05:00,187.18,187.33,187.17,187.27,,,,,,,,,187.1397222359181,0,0,186.79999999999987,198.99,193.97,186.95600000000186,188.67784999999955,31572,42270.85
2026-02-26T12:23:00-05:00,187.28,187.35,187.19,187.195,,,,,,,,,187.15077778873447,0,0,186.79999999999987,198.99,193.97,186.94330000000187,188.62642499999956,42054,42087.85
2026-02-26T12:24:00-05:00,187.22,187.37,187.205,187.37,,,,,,,,,187.1946222309876,0,0,186.79999999999987,198.99,193.97,186.93310000000187,188.57767499999957,18739,40724.2
2026-02-26T12:25:00-05:00,187.39,187.46,187.32,187.37,,,,,,,,,187.22969778479006,0,0,186.79999999999987,198.99,193.97,186.92370000000187,188.53002499999954,27059,39626.05
2026-02-26T12:26:00-05:00,187.365,187.44,187.27,187.4,,,,,,,,,187.26375822783206,0,0,186.79999999999987,198.99,193.97,186.92190000000193,188.48262499999953,27991,39291.2
2026-02-26T12:27:00-05:00,187.39,187.44,187.3,187.31,,,,,,,,,187.27300658226565,0,0,186.79999999999987,198.99,193.97,186.92120000000193,188.43442499999955,19987,37761.3
2026-02-26T12:28:00-05:00,187.32,187.47,187.32,187.415,,,,,,,,,187.30140526581252,0,0,186.79999999999987,198.99,193.97,186.92230000000188,188.38709999999955,36393,37853.25
2026-02-26T12:29:00-05:00,187.43,187.68,187.42,187.575,,,,,,,,,187.35612421265,0,0,186.79999999999987,198.99,193.97,186.92660000000188,188.34157499999955,54013,37342.9
2026-02-26T12:30:00-05:00,187.57,187.88,187.55,187.85,,,,,,,,,187.45489937012,0,0,186.79999999999987,198.99,193.97,186.9378000000019,188.29817499999953,56341,37924.55
2026-02-26T12:31:00-05:00,187.85,188.02,187.85,187.97,,,,,,,,,187.557919496096,0,0,186.79999999999987,198.99,193.97,186.94780000000188,188.25552499999955,92046,40307
2026-02-26T12:32:00-05:00,187.98,188.12,187.93,188,,,,,,,,,187.64633559687678,0,0,186.79999999999987,198.99,193.97,186.9603000000019,188.21302499999953,40940,40790
2026-02-26T12:33:00-05:00,188,188.06,187.86,187.9,,,,,,,,,187.69706847750143,0,0,186.79999999999987,198.99,193.97,186.9761000000019,188.17007499999957,27178,39282.2
2026-02-26T12:34:00-05:00,187.9,187.925,187.7,187.87,,,,,,,,,187.73165478200116,0,0,186.79999999999987,198.99,193.97,186.99890000000192,188.12637499999957,50523,39180.8
2026-02-26T12:35:00-05:00,187.87,187.87,187.53,187.55,,,,,,,,,187.69532382560092,0,0,186.79999999999987,198.99,193.97,187.01690000000193,188.08072499999955,46039,39539.35
2026-02-26T12:36:00-05:00,187.55,187.605,187.435,187.44,,,,,,,,,187.64425906048075,0,0,186.79999999999987,198.99,193.97,187.0336000000019,188.03427499999958,49602,39798.55
2026-02-26T12:37:00-05:00,187.43,187.43,187.2,187.22,,,,,,,,,187.5594072483846,0,0,186.79999999999987,198.99,193.97,187.04260000000193,187.98767499999954,46070,40683.35
2026-02-26T12:38:00-05:00,187.22,187.28,187.04,187.12,,,,,,,,,187.47152579870766,0,0,186.79999999999987,198.99,193.97,187.04850000000187,187.94052499999955,38244,41045.4
2026-02-26T12:39:00-05:00,187.09,187.145,186.97,187.095,,,,,,,,,187.39622063896613,0,0,186.79999999999987,198.99,193.97,187.0544000000019,187.89254999999955,43994,40916.4
2026-02-26T12:40:00-05:00,187.08,187.18,186.96,187.03,,,,,,,,,187.3229765111729,0,0,186.79999999999987,198.99,193.97,187.0607000000019,187.84694999999957,28724,40647.25
2026-02-26T12:41:00-05:00,187.03,187.03,186.83,186.84,,,,,,,,,187.2263812089383,0,0,186.79999999999987,198.99,193.97,187.0621000000019,187.80129999999957,36073,40679.1
2026-02-26T12:42:00-05:00,186.85,186.91,186.76,186.86,,,,,,,,,187.15310496715065,0,0,186.79999999999987,198.99,193.97,187.0631000000019,187.75579999999957,30403,40620.65
2026-02-26T12:43:00-05:00,186.87,186.88,186.63,186.74,,,,,,,,,187.0704839737205,0,0,186.79999999999987,198.99,193.97,187.06090000000194,187.7104999999996,33189,40177.4
2026-02-26T12:44:00-05:00,186.75,186.77,186.59,186.62,,,,,,,,,186.9803871789764,0,0,186.79999999999987,198.99,193.97,187.05960000000192,187.6647999999996,32430,40861.95
2026-02-26T12:45:00-05:00,186.63,186.66,186.55,186.57,,,,,,,,,186.89830974318113,0,0,186.79999999999987,198.99,193.97,187.06140000000192,187.6217999999996,31075,41062.75
2026-02-26T12:46:00-05:00,186.56,186.64,186.54,186.59,,,,,,,,,186.83664779454492,0,0,186.79999999999987,198.99,193.97,187.0640000000019,187.5799499999996,35788,41452.6
2026-02-26T12:47:00-05:00,186.58,186.715,186.58,186.63,,,,,,,,,186.79531823563593,0,0,186.79999999999987,198.99,193.97,187.0736000000019,187.53949999999958,49397,42923.1
2026-02-26T12:48:00-05:00,186.64,186.78,186.52,186.575,,,,,,,,,186.75125458850874,0,0,186.79999999999987,198.99,193.97,187.0863000000019,187.50117499999956,46499,43428.4
2026-02-26T12:49:00-05:00,186.56,186.56,186.2,186.375,,,,,,,,,186.676003670807,0,0,186.79999999999987,198.99,193.97,187.0958000000019,187.46164999999954,68995,44177.5
2026-02-26T12:50:00-05:00,186.37,186.4,186.245,186.37,,,,,,,,,186.61480293664562,0,0,186.79999999999987,198.99,193.97,187.0947000000019,187.42674999999954,65072,44614.05
2026-02-26T12:51:00-05:00,186.38,186.43,186.2,186.43,,,,,,,,,186.57784234931648,0,0,186.79999999999987,198.99,193.97,187.0959000000019,187.3936999999996,30169,41520.2
2026-02-26T12:52:00-05:00,186.44,186.63,186.39,186.58,,,,,,,,,186.57827387945318,0,0,186.79999999999987,198.99,193.97,187.10150000000192,187.36824999999956,35785,41262.45
2026-02-26T12:53:00-05:00,186.56,186.595,186.485,186.555,,,,,,,,,186.57361910356255,0,0,186.79999999999987,198.99,193.97,187.1018000000019,187.3423749999996,24656,41136.35
2026-02-26T12:54:00-05:00,186.555,186.75,186.53,186.67,,,,,,,,,186.59289528285004,0,0,186.79999999999987,198.99,193.97,187.0992000000019,187.3206749999996,34633,40341.85
2026-02-26T12:55:00-05:00,186.65,186.65,186.43,186.52,,,,,,,,,186.57831622628004,0,0,186.79999999999987,198.99,193.97,187.0930000000019,187.3010249999996,55856,40832.7
2026-02-26T12:56:00-05:00,186.52,186.63,186.495,186.59,,,,,,,,,186.58065298102403,0,0,186.79999999999987,198.99,193.97,187.0878000000019,187.2845249999996,28204,39762.8
2026-02-26T12:57:00-05:00,186.585,186.695,186.525,186.66,,,,,,,,,186.59652238481922,0,0,186.79999999999987,198.99,193.97,187.07860000000187,187.26802499999962,43359,39627.25
2026-02-26T12:58:00-05:00,186.66,186.76,186.61,186.76,,,,,,,,,186.62921790785538,0,0,186.79999999999987,198.99,193.97,187.07150000000186,187.24767499999965,49102,40170.15
2026-02-26T12:59:00-05:00,186.75,186.91,186.71,186.755,,,,,,,,,186.6543743262843,0,0,186.79999999999987,198.99,193.97,187.0634000000019,187.22459999999964,28449,39392.9
2026-02-26T13:00:00-05:00,186.75,186.77,186.45,186.45,,,,,,,,,186.61349946102746,0,0,186.79999999999987,198.99,193.97,187.0504000000019,187.20334999999963,48952,40404.3
2026-02-26T13:01:00-05:00,186.46,186.46,186.22,186.23,,,,,,,,,186.53679956882198,0,0,186.79999999999987,198.99,193.97,187.0278000000019,187.17999999999964,54701,41335.7
2026-02-26T13:02:00-05:00,186.24,186.39,186.14,186.18,,,,,,,,,186.4654396550576,0,0,186.79999999999987,198.99,193.97,187.0030000000019,187.15869999999967,33441,41487.6
2026-02-26T13:03:00-05:00,186.17,186.22,186.02,186.05,,,,,,,,,186.3823517240461,0,0,186.79999999999987,198.99,193.97,186.97820000000186,187.13934999999964,28681,41262.2
2026-02-26T13:04:00-05:00,186.05,186.06,185.95,185.98,,,,,,,,,186.30188137923687,0,0,186.79999999999987,198.99,193.97,186.95680000000186,187.1192999999996,111855,45233.45
2026-02-26T13:05:00-05:00,185.98,186.14,185.82,186.07,,,,,,,,,186.2555051033895,0,0,186.79999999999987,198.99,193.97,186.94460000000188,187.10509999999962,86596,48009.5
2026-02-26T13:06:00-05:00,186.06,186.06,185.8,185.82,,,,,,,,,186.16840408271162,0,0,186.79999999999987,198.99,193.97,186.92220000000188,187.0865499999996,52321,48836.15
2026-02-26T13:07:00-05:00,185.82,185.93,185.8,185.82,,,,,,,,,186.0987232661693,0,0,186.79999999999987,198.99,193.97,186.89740000000188,187.0705999999996,31442,47938.4
2026-02-26T13:08:00-05:00,185.815,185.82,185.37,185.37,,,,,,,,,185.95297861293542,0,0,186.79999999999987,198.99,193.97,186.86360000000187,187.05497499999962,132955,52261.2
2026-02-26T13:09:00-05:00,185.38,185.44,185.2,185.41,,,,,,,,,185.84438289034833,0,0,186.79999999999987,198.99,193.97,186.82860000000187,187.03707499999962,67523,52187.6
2026-02-26T13:10:00-05:00,185.41,185.59,185.285,185.54,,,,,,,,,185.78350631227866,0,0,186.79999999999987,198.99,193.97,186.79500000000186,187.0168749999996,44266,51147.3
2026-02-26T13:11:00-05:00,185.53,185.68,185.5,185.52,,,,,,,,,185.73080504982292,0,0,186.79999999999987,198.99,193.97,186.76160000000186,186.9963249999996,62348,52756.25
2026-02-26T13:12:00-05:00,185.515,185.515,185.01,185.03,,,,,,,,,185.59064403985835,0,0,186.79999999999987,198.99,193.97,186.71680000000183,186.97882499999963,87959,55364.95
2026-02-26T13:13:00-05:00,185.02,185.31,184.97,185.25,,,,,,,,,185.52251523188667,0,0,186.79999999999987,198.99,193.97,186.67790000000184,186.95897499999964,200240,64144.15
2026-02-26T13:14:00-05:00,185.21,185.305,185.11,185.16,,,,,,,,,185.45001218550934,0,0,186.79999999999987,198.99,193.97,186.63370000000185,186.93832499999965,40913,64458.15
2026-02-26T13:15:00-05:00,185.14,185.23,185.03,185.08,,,,,,,,,185.37600974840748,0,0,186.79999999999987,198.99,193.97,186.58790000000184,186.91529999999963,35345,63432.6
2026-02-26T13:16:00-05:00,185.08,185.175,184.86,185.02,,,,,,,,,185.304807798726,0,0,186.79999999999987,198.99,193.97,186.54030000000185,186.89169999999964,78769,65960.85
2026-02-26T13:17:00-05:00,185.03,185.37,185.03,185.2,,,,,,,,,185.2838462389808,0,0,186.79999999999987,198.99,193.97,186.49810000000187,186.86882499999965,48918,66238.8
2026-02-26T13:18:00-05:00,185.2,185.32,185.16,185.23,,,,,,,,,185.27307699118464,0,0,186.79999999999987,198.99,193.97,186.45440000000184,186.84787499999965,41965,65881.95
2026-02-26T13:19:00-05:00,185.24,185.37,185.14,185.36,,,,,,,,,185.2904615929477,0,0,186.79999999999987,198.99,193.97,186.41010000000188,186.8277499999996,31012,66010.1
2026-02-26T13:20:00-05:00,185.35,185.35,185.155,185.21,,,,,,,,,185.27436927435818,0,0,186.79999999999987,198.99,193.97,186.35730000000186,186.80914999999962,28914,65008.2
2026-02-26T13:21:00-05:00,185.21,185.27,185.04,185.09,,,,,,,,,185.23749541948655,0,0,186.79999999999987,198.99,193.97,186.29970000000188,186.79319999999964,41800,64363.15
2026-02-26T13:22:00-05:00,185.1,185.435,185.09,185.39,,,,,,,,,185.26799633558923,0,0,186.79999999999987,198.99,193.97,186.24750000000185,186.77884999999966,34197,64400.95
2026-02-26T13:23:00-05:00,185.39,185.43,185.195,185.205,,,,,,,,,185.25539706847138,0,0,186.79999999999987,198.99,193.97,186.19360000000182,186.76157499999965,44426,65188.2
2026-02-26T13:24:00-05:00,185.21,185.525,185.17,185.52,,,,,,,,,185.3083176547771,0,0,186.79999999999987,198.99,193.97,186.14660000000183,186.74627499999963,45587,61874.8
2026-02-26T13:25:00-05:00,185.5,185.51,185.405,185.47,,,,,,,,,185.34065412382168,0,0,186.79999999999987,198.99,193.97,186.1050000000018,186.73087499999966,25588,58824.4
2026-02-26T13:26:00-05:00,185.47,185.49,185.37,185.41,,,,,,,,,185.35452329905735,0,0,186.79999999999987,198.99,193.97,186.06440000000185,186.71392499999962,20696,57243.15
2026-02-26T13:27:00-05:00,185.42,185.44,185.27,185.37,,,,,,,,,185.35761863924589,0,0,186.79999999999987,198.99,193.97,186.02740000000185,186.6966249999996,18919,56617
2026-02-26T13:28:00-05:00,185.36,185.39,185.28,185.31,,,,,,,,,185.34809491139671,0,0,186.79999999999987,198.99,193.97,185.99120000000184,186.67872499999962,10231,50480.8
2026-02-26T13:29:00-05:00,185.32,185.4,185.3,185.36,,,,,,,,,185.35047592911738,0,0,186.79999999999987,198.99,193.97,185.95650000000188,186.6628249999996,25759,48392.6
2026-02-26T13:30:00-05:00,185.35,185.4,185.225,185.25,,,,,,,,,185.33038074329392,0,0,186.79999999999987,198.99,193.97,185.92090000000186,186.6465499999996,30042,47681.4
2026-02-26T13:31:00-05:00,185.24,185.355,184.97,185.13,,,,,,,,,185.29030459463513,0,0,186.79999999999987,198.99,193.97,185.88670000000187,186.63079999999957,102625,49695.25
2026-02-26T13:32:00-05:00,185.11,185.14,185.01,185.08,,,,,,,,,185.2482436757081,0,0,186.79999999999987,198.99,193.97,185.8511000000019,186.61919999999958,33085,46951.55
2026-02-26T13:33:00-05:00,185.08,185.54,185,185.52,,,,,,,,,185.30259494056648,0,0,186.79999999999987,198.99,193.97,185.82670000000186,186.6092249999996,90327,41455.9
2026-02-26T13:34:00-05:00,185.51,185.73,185.4,185.665,,,,,,,,,185.3750759524532,0,0,186.79999999999987,198.99,193.97,185.80760000000188,186.60304999999957,88801,43850.3
2026-02-26T13:35:00-05:00,185.67,185.68,185.47,185.61,,,,,,,,,185.42206076196254,0,0,186.79999999999987,198.99,193.97,185.78840000000184,186.5961749999996,40845,44125.3
2026-02-26T13:36:00-05:00,185.61,185.79,185.555,185.78,,,,,,,,,185.49364860957004,0,0,186.79999999999987,198.99,193.97,185.77220000000187,186.5925249999996,54304,42902.05
2026-02-26T13:37:00-05:00,185.775,185.95,185.705,185.89,,,,,,,,,185.57291888765604,0,0,186.79999999999987,198.99,193.97,185.75740000000187,186.5898249999996,51491,43030.7
2026-02-26T13:38:00-05:00,185.89,185.9,185.74,185.84,,,,,,,,,185.62633511012484,0,0,186.79999999999987,198.99,193.97,185.74270000000186,186.5890249999996,27082,42286.55
2026-02-26T13:39:00-05:00,185.85,185.96,185.79,185.9,,,,,,,,,185.68106808809986,0,0,186.79999999999987,198.99,193.97,185.7332000000019,186.5865249999996,29694,42220.65
2026-02-26T13:40:00-05:00,185.9,185.99,185.79,185.85,,,,,,,,,185.71485447047988,0,0,186.79999999999987,198.99,193.97,185.72280000000188,186.5869249999996,35150,42532.45
2026-02-26T13:41:00-05:00,185.84,185.85,185.63,185.84,,,,,,,,,185.7398835763839,0,0,186.79999999999987,198.99,193.97,185.7110000000019,186.58697499999963,31548,42019.85
2026-02-26T13:42:00-05:00,185.84,185.84,185.59,185.65,,,,,,,,,185.72190686110713,0,0,186.79999999999987,198.99,193.97,185.69240000000187,186.58542499999965,25716,41595.8
2026-02-26T13:43:00-05:00,185.66,185.98,185.66,185.75,,,,,,,,,185.7275254888857,0,0,186.79999999999987,198.99,193.97,185.67630000000187,186.58412499999963,43150,41532
2026-02-26T13:44:00-05:00,185.76,185.78,185.61,185.61,,,,,,,,,185.70402039110857,0,0,186.79999999999987,198.99,193.97,185.65510000000188,186.58357499999966,19126,40208.95
2026-02-26T13:45:00-05:00,185.63,185.87,185.61,185.72,,,,,,,,,185.70721631288686,0,0,186.79999999999987,198.99,193.97,185.6391000000019,186.57947499999966,38299,40844.5
2026-02-26T13:46:00-05:00,185.73,185.74,185.49,185.51,,,,,,,,,185.66777305030948,0,0,186.79999999999987,198.99,193.97,185.61750000000194,186.57377499999967,58371,42728.25
2026-02-26T13:47:00-05:00,185.51,185.605,185.48,185.529,,,,,,,,,185.6400184402476,0,0,186.79999999999987,198.99,193.97,185.5948800000019,186.57144499999967,25045,43034.55
2026-02-26T13:48:00-05:00,185.52,185.57,185.28,185.29,,,,,,,,,185.57001475219806,0,0,186.79999999999987,198.99,193.97,185.56548000000188,186.56874499999967,57282,45387.1
2026-02-26T13:49:00-05:00,185.3,185.3,185.04,185.16,,,,,,,,,185.48801180175846,0,0,186.79999999999987,198.99,193.97,185.5335800000019,186.56399499999964,44935,46345.9
2026-02-26T13:50:00-05:00,185.175,185.185,184.82,184.85,,,,,,,,,185.36040944140677,0,0,186.79999999999987,198.99,193.97,185.50158000000192,186.55924499999963,81394,48913.5
2026-02-26T13:51:00-05:00,184.85,185.03,184.84,184.89,,,,,,,,,185.26632755312542,0,0,186.79999999999987,198.99,193.97,185.47478000000189,186.5533449999997,20086,44786.55
2026-02-26T13:52:00-05:00,184.91,185.08,184.855,184.97,,,,,,,,,185.20706204250033,0,0,186.79999999999987,198.99,193.97,185.4505800000019,186.55214499999965,38661,45065.35
2026-02-26T13:53:00-05:00,184.98,185.08,184.96,185.08,,,,,,,,,185.18164963400025,0,0,186.79999999999987,198.99,193.97,185.43118000000192,186.55144499999966,21290,41613.5
2026-02-26T13:54:00-05:00,185.09,185.175,185.03,185.12,,,,,,,,,185.1693197072002,0,0,186.79999999999987,198.99,193.97,185.4139800000019,186.55319499999965,28621,38604.5
2026-02-26T13:55:00-05:00,185.13,185.19,185.06,185.16,,,,,,,,,185.16745576576017,0,0,186.79999999999987,198.99,193.97,185.39578000000188,186.55164499999967,24980,37811.25
2026-02-26T13:56:00-05:00,185.165,185.32,185.07,185.315,,,,,,,,,185.19696461260813,0,0,186.79999999999987,198.99,193.97,185.38568000000188,186.55066999999966,41173,37154.7
2026-02-26T13:57:00-05:00,185.315,185.38,185.23,185.35,,,,,,,,,185.2275716900865,0,0,186.79999999999987,198.99,193.97,185.37628000000186,186.54821999999967,31405,36150.4
2026-02-26T13:58:00-05:00,185.36,185.43,185.26,185.27,,,,,,,,,185.2360573520692,0,0,186.79999999999987,198.99,193.97,185.3742800000019,186.54306999999963,50266,37309.6
2026-02-26T13:59:00-05:00,185.29,185.34,185.14,185.22,,,,,,,,,185.23284588165535,0,0,186.79999999999987,198.99,193.97,185.3704800000019,186.53721999999965,47591,38204.45
2026-02-26T14:00:00-05:00,185.22,185.35,185.13,185.295,,,,,,,,,185.24527670532427,0,0,186.79999999999987,198.99,193.97,185.36558000000187,186.53259499999967,37147,38304.3
2026-02-26T14:01:00-05:00,185.27,185.56,185.27,185.52,,,,,,,,,185.30022136425941,0,0,186.79999999999987,198.99,193.97,185.36558000000187,186.52706999999967,30219,38237.85
2026-02-26T14:02:00-05:00,185.52,185.56,185.44,185.555,,,,,,,,,185.35117709140752,0,0,186.79999999999987,198.99,193.97,185.37608000000185,186.52274499999967,21989,38051.5
2026-02-26T14:03:00-05:00,185.56,185.87,185.56,185.85,,,,,,,,,185.450941673126,0,0,186.79999999999987,198.99,193.97,185.38808000000188,186.5185949999997,41295,37958.75
2026-02-26T14:04:00-05:00,185.86,186.07,185.8,185.94,,,,,,,,,185.5487533385008,0,0,186.79999999999987,198.99,193.97,185.40368000000183,186.51479499999968,51118,39558.35
2026-02-26T14:05:00-05:00,185.95,186.04,185.93,186,,,,,,,,,185.63900267080064,0,0,186.79999999999987,198.99,193.97,185.42208000000184,186.51169499999966,48977,40092.25
2026-02-26T14:06:00-05:00,186.01,186.07,185.94,186.07,,,,,,,,,185.72520213664052,0,0,186.79999999999987,198.99,193.97,185.44308000000183,186.5120949999997,35008,38924.1
2026-02-26T14:07:00-05:00,186.05,186.24,186.02,186.23,,,,,,,,,185.8261617093124,0,0,186.79999999999987,198.99,193.97,185.46368000000183,186.5118699999997,42300,39786.85
2026-02-26T14:08:00-05:00,186.2,186.39,186.17,186.39,,,,,,,,,185.93892936744993,0,0,186.79999999999987,198.99,193.97,185.48688000000183,186.5118449999997,49076,39376.55
2026-02-26T14:09:00-05:00,186.39,186.54,186.365,186.52,,,,,,,,,186.05514349395995,0,0,186.79999999999987,198.99,193.97,185.51008000000184,186.5124699999997,56489,39954.25
2026-02-26T14:10:00-05:00,186.54,186.7,186.45,186.63,,,,,,,,,186.17011479516796,0,0,186.79999999999987,198.99,193.97,185.53848000000184,186.5141199999997,65913,39180.2
2026-02-26T14:11:00-05:00,186.62,186.63,186.24,186.26,,,,,,,,,186.18809183613436,0,0,186.79999999999987,198.99,193.97,185.56188000000185,186.51474499999966,47571,40554.45
2026-02-26T14:12:00-05:00,186.26,186.27,186.05,186.1,,,,,,,,,186.1704734689075,0,0,186.79999999999987,198.99,193.97,185.5760800000018,186.51389499999968,47959,41019.35
2026-02-26T14:13:00-05:00,186.1,186.13,185.97,186.12,,,,,,,,,186.160378775126,0,0,186.79999999999987,198.99,193.97,185.59438000000185,186.5141449999997,44701,42189.9
2026-02-26T14:14:00-05:00,186.14,186.17,186.05,186.145,,,,,,,,,186.15730302010078,0,0,186.79999999999987,198.99,193.97,185.6068800000018,186.51291999999972,32507,42384.2
2026-02-26T14:15:00-05:00,186.14,186.27,186.12,186.25,,,,,,,,,186.17584241608063,0,0,186.79999999999987,198.99,193.97,185.62248000000181,186.51326999999972,26658,42468.1
2026-02-26T14:16:00-05:00,186.24,186.405,186.2,186.22,,,,,,,,,186.1846739328645,0,0,186.79999999999987,198.99,193.97,185.6386800000018,186.5134199999997,45967,42707.8
2026-02-26T14:17:00-05:00,186.22,186.37,186.185,186.265,,,,,,,,,186.2007391462916,0,0,186.79999999999987,198.99,193.97,185.6565800000018,186.51249499999972,40722,43173.65
2026-02-26T14:18:00-05:00,186.265,186.36,186.095,186.12,,,,,,,,,186.18459131703327,0,0,186.79999999999987,198.99,193.97,185.6727800000018,186.5110949999997,34150,42367.85
2026-02-26T14:19:00-05:00,186.11,186.13,185.87,185.88,,,,,,,,,186.12367305362662,0,0,186.79999999999987,198.99,193.97,185.6831800000018,186.5088949999997,47296,42353.1
2026-02-26T14:20:00-05:00,185.88,185.89,185.76,185.8,,,,,,,,,186.0589384429013,0,0,186.79999999999987,198.99,193.97,185.6941800000018,186.5031449999997,42228,42607.15
2026-02-26T14:21:00-05:00,185.8,185.85,185.655,185.74,,,,,,,,,185.99515075432106,0,0,186.79999999999987,198.99,193.97,185.70638000000181,186.49756999999968,37270,42959.7
2026-02-26T14:22:00-05:00,185.74,185.78,185.46,185.46,,,,,,,,,185.88812060345685,0,0,186.79999999999987,198.99,193.97,185.71398000000178,186.49126999999967,55294,44624.95
2026-02-26T14:23:00-05:00,185.47,185.6,185.47,185.54,,,,,,,,,185.81849648276548,0,0,186.79999999999987,198.99,193.97,185.71438000000177,186.48426999999967,22531,43686.75
2026-02-26T14:24:00-05:00,185.53,185.59,185.44,185.445,,,,,,,,,185.7437971862124,0,0,186.79999999999987,198.99,193.97,185.7099800000018,186.4757449999997,25880,42424.85
2026-02-26T14:25:00-05:00,185.44,185.5,185.335,185.345,,,,,,,,,185.66403774896992,0,0,186.79999999999987,198.99,193.97,185.70468000000182,186.4658199999997,36901,41821.05
2026-02-26T14:26:00-05:00,185.35,185.56,185.26,185.56,,,,,,,,,185.64323019917595,0,0,186.79999999999987,198.99,193.97,185.7002800000018,186.45771999999968,39027,42022
2026-02-26T14:27:00-05:00,185.56,185.62,185.39,185.4,,,,,,,,,185.59458415934077,0,0,186.79999999999987,198.99,193.97,185.6904800000018,186.44811999999968,41268,41970.4
2026-02-26T14:28:00-05:00,185.41,185.56,185.34,185.41,,,,,,,,,185.55766732747261,0,0,186.79999999999987,198.99,193.97,185.68188000000177,186.4388699999997,33922,41212.7
2026-02-26T14:29:00-05:00,185.41,185.49,185.285,185.29,,,,,,,,,185.5041338619781,0,0,186.79999999999987,198.99,193.97,185.6696800000018,186.4295699999997,60947,41435.6
2026-02-26T14:30:00-05:00,185.3,185.46,185.29,185.41,,,,,,,,,185.48530708958248,0,0,186.79999999999987,198.99,193.97,185.66088000000178,186.4210699999997,51634,40721.65
2026-02-26T14:31:00-05:00,185.42,185.51,185.37,185.465,,,,,,,,,185.481245671666,0,0,186.79999999999987,198.99,193.97,185.6533800000018,186.4124949999997,32490,39967.6
2026-02-26T14:32:00-05:00,185.46,185.57,185.46,185.49,,,,,,,,,185.48299653733278,0,0,186.79999999999987,198.99,193.97,185.6501800000018,186.4034949999997,33868,39263.05
2026-02-26T14:33:00-05:00,185.5,185.535,185.425,185.445,,,,,,,,,185.47539722986622,0,0,186.79999999999987,198.99,193.97,185.64408000000176,186.39331999999973,26323,38344.15
2026-02-26T14:34:00-05:00,185.46,185.645,185.44,185.46,,,,,,,,,185.47231778389298,0,0,186.79999999999987,198.99,193.97,185.6410800000018,186.3840949999997,40403,38738.95
2026-02-26T14:35:00-05:00,185.46,185.52,185.31,185.34,,,,,,,,,185.44585422711438,0,0,186.79999999999987,198.99,193.97,185.6334800000018,186.37334499999972,36502,39231.15
2026-02-26T14:36:00-05:00,185.35,185.39,185.15,185.18,,,,,,,,,185.3926833816915,0,0,186.79999999999987,198.99,193.97,185.6268800000018,186.3612949999997,51262,39495.9
2026-02-26T14:37:00-05:00,185.18,185.19,184.945,185,,,,,,,,,185.3141467053532,0,0,186.79999999999987,198.99,193.97,185.6163000000018,186.34909499999972,130775,43998.55
2026-02-26T14:38:00-05:00,184.99,185.085,184.95,185,,,,,,,,,185.25131736428256,0,0,186.79999999999987,198.99,193.97,185.61050000000182,186.33604499999973,33593,43970.7
2026-02-26T14:39:00-05:00,185,185.06,184.975,185.03,,,,,,,,,185.20705389142606,0,0,186.79999999999987,198.99,193.97,185.6079000000018,186.3245949999997,93137,46262.75
2026-02-26T14:40:00-05:00,185.04,185.145,185.01,185.05,,,,,,,,,185.17564311314084,0,0,186.79999999999987,198.99,193.97,185.6119000000018,186.31339499999973,34082,45855.45
2026-02-26T14:41:00-05:00,185.06,185.22,185.06,185.14,,,,,,,,,185.16851449051268,0,0,186.79999999999987,198.99,193.97,185.6169000000018,186.30249499999974,38265,45905.2
2026-02-26T14:42:00-05:00,185.14,185.3,185.12,185.3,,,,,,,,,185.19481159241013,0,0,186.79999999999987,198.99,193.97,185.62350000000185,186.2921949999997,18988,44089.9
2026-02-26T14:43:00-05:00,185.305,185.42,185.3,185.405,,,,,,,,,185.2368492739281,0,0,186.79999999999987,198.99,193.97,185.63000000000181,186.28161999999975,27599,44343.3
2026-02-26T14:44:00-05:00,185.4,185.43,185.23,185.29,,,,,,,,,185.24747941914248,0,0,186.79999999999987,198.99,193.97,185.6334000000018,186.27064499999975,29325,44515.55
2026-02-26T14:45:00-05:00,185.29,185.575,185.26,185.57,,,,,,,,,185.31198353531397,0,0,186.79999999999987,198.99,193.97,185.64160000000183,186.25966999999974,49291,45135.05
2026-02-26T14:46:00-05:00,185.57,185.575,185.47,185.54,,,,,,,,,185.3575868282512,0,0,186.79999999999987,198.99,193.97,185.64610000000184,186.24806999999976,36965,45031.95
2026-02-26T14:47:00-05:00,185.54,185.71,185.505,185.635,,,,,,,,,185.41306946260096,0,0,186.79999999999987,198.99,193.97,185.65180000000183,186.23669499999974,26809,44309
2026-02-26T14:48:00-05:00,185.64,185.64,185.43,185.44,,,,,,,,,185.41845557008077,0,0,186.79999999999987,198.99,193.97,185.65520000000183,186.22439499999976,32792,44252.5
2026-02-26T14:49:00-05:00,185.43,185.55,185.26,185.31,,,,,,,,,185.3967644560646,0,0,186.79999999999987,198.99,193.97,185.65700000000183,186.21199499999977,51170,43763.65
2026-02-26T14:50:00-05:00,185.3,185.3,185.07,185.23,,,,,,,,,185.36341156485167,0,0,186.79999999999987,198.99,193.97,185.65570000000181,186.19866999999977,58184,44091.15
2026-02-26T14:51:00-05:00,185.24,185.43,185.24,185.43,,,,,,,,,185.37672925188133,0,0,186.79999999999987,198.99,193.97,185.6539000000018,186.18721999999977,54161,45174.7
2026-02-26T14:52:00-05:00,185.435,185.47,185.34,185.43,,,,,,,,,185.38738340150508,0,0,186.79999999999987,198.99,193.97,185.65140000000181,186.17506999999975,29449,44953.75
2026-02-26T14:53:00-05:00,185.425,185.52,185.425,185.475,,,,,,,,,185.40490672120407,0,0,186.79999999999987,198.99,193.97,185.64390000000182,186.16329499999978,20405,44657.85
2026-02-26T14:54:00-05:00,185.47,185.5,185.4,185.46,,,,,,,,,185.41592537696326,0,0,186.79999999999987,198.99,193.97,185.63430000000182,186.1511949999998,17686,43522
2026-02-26T14:55:00-05:00,185.47,185.765,185.42,185.635,,,,,,,,,185.4597403015706,0,0,186.79999999999987,198.99,193.97,185.6270000000018,186.14016999999978,76312,45512.5
2026-02-26T14:56:00-05:00,185.635,185.81,185.61,185.75,,,,,,,,,185.51779224125647,0,0,186.79999999999987,198.99,193.97,185.6206000000018,186.13146999999978,38967,44897.75
2026-02-26T14:57:00-05:00,185.75,185.77,185.64,185.66,,,,,,,,,185.54623379300517,0,0,186.79999999999987,198.99,193.97,185.6092000000018,186.12304499999976,24412,39579.6
2026-02-26T14:58:00-05:00,185.65,185.675,185.52,185.53,,,,,,,,,185.54298703440415,0,0,186.79999999999987,198.99,193.97,185.59200000000183,186.11389499999976,37556,39777.75
2026-02-26T14:59:00-05:00,185.535,185.605,185.42,185.42,,,,,,,,,185.5183896275233,0,0,186.79999999999987,198.99,193.97,185.5700000000018,186.10419499999975,27651,36503.45
2026-02-26T15:00:00-05:00,185.41,185.41,185.18,185.24,,,,,,,,,185.46271170201865,0,0,186.79999999999987,198.99,193.97,185.54220000000183,186.09394499999976,51932,37395.95
2026-02-26T15:01:00-05:00,185.24,185.32,185.17,185.305,,,,,,,,,185.43116936161493,0,0,186.79999999999987,198.99,193.97,185.5231000000018,186.08311999999975,42256,37595.5
2026-02-26T15:02:00-05:00,185.31,185.39,185.24,185.26,,,,,,,,,185.39693548929193,0,0,186.79999999999987,198.99,193.97,185.50630000000183,186.07254499999974,26439,37968.05
2026-02-26T15:03:00-05:00,185.27,185.45,185.25,185.26,,,,,,,,,185.36954839143354,0,0,186.79999999999987,198.99,193.97,185.48910000000183,186.06329499999978,37250,38450.6
2026-02-26T15:04:00-05:00,185.25,185.31,185.09,185.25,,,,,,,,,185.34563871314683,0,0,186.79999999999987,198.99,193.97,185.4712000000018,186.05589499999977,41039,39036.3
2026-02-26T15:05:00-05:00,185.24,185.33,185.17,185.24,,,,,,,,,185.32451097051745,0,0,186.79999999999987,198.99,193.97,185.4510000000018,186.04884499999974,26334,37888.45
2026-02-26T15:06:00-05:00,185.25,185.4,185.18,185.22,,,,,,,,,185.30360877641397,0,0,186.79999999999987,198.99,193.97,185.43100000000183,186.04191999999978,38781,37979.25
2026-02-26T15:07:00-05:00,185.22,185.29,185.05,185.11,,,,,,,,,185.2648870211312,0,0,186.79999999999987,198.99,193.97,185.40790000000183,186.0336199999998,41711,38724.35
2026-02-26T15:08:00-05:00,185.11,185.15,184.97,184.97,,,,,,,,,185.20590961690496,0,0,186.79999999999987,198.99,193.97,185.38490000000183,186.02434499999978,151819,44675.7
2026-02-26T15:09:00-05:00,184.98,185.095,184.9,184.91,,,,,,,,,185.14672769352396,0,0,186.79999999999987,198.99,193.97,185.36550000000184,186.01489499999983,43223,44278.35
2026-02-26T15:10:00-05:00,184.92,184.975,184.84,184.95,,,,,,,,,185.10738215481916,0,0,186.79999999999987,198.99,193.97,185.34850000000188,186.00606999999982,50043,43871.3
2026-02-26T15:11:00-05:00,184.95,185.03,184.93,184.94,,,,,,,,,185.07390572385532,0,0,186.79999999999987,198.99,193.97,185.3325000000019,185.99691999999982,39323,43129.4
2026-02-26T15:12:00-05:00,184.93,185.01,184.85,184.86,,,,,,,,,185.03112457908426,0,0,186.79999999999987,198.99,193.97,185.3205000000019,185.9871699999998,43670,43840.45
2026-02-26T15:13:00-05:00,184.85,184.85,184.73,184.84,,,,,,,,,184.99289966326742,0,0,186.79999999999987,198.99,193.97,185.3065000000019,185.97711999999981,95664,47603.4
2026-02-26T15:14:00-05:00,184.84,184.84,184.345,184.38,,,,,,,,,184.87031973061394,0,0,186.79999999999987,198.99,193.97,185.2852000000019,185.9655949999998,226760,58057.1
2026-02-26T15:15:00-05:00,184.37,184.5,184.32,184.39,,,,,,,,,184.77425578449115,0,0,186.79999999999987,198.99,193.97,185.2661000000019,185.95514499999982,49860,56734.5
2026-02-26T15:16:00-05:00,184.39,184.56,184.36,184.56,,,,,,,,,184.73140462759292,0,0,186.79999999999987,198.99,193.97,185.2461000000019,185.94564499999981,39609,56766.6
2026-02-26T15:17:00-05:00,184.565,184.695,184.565,184.68,,,,,,,,,184.72112370207435,0,0,186.79999999999987,198.99,193.97,185.23170000000187,185.93829499999984,53426,58217.3
2026-02-26T15:18:00-05:00,184.68,184.83,184.67,184.81,,,,,,,,,184.7388989616595,0,0,186.79999999999987,198.99,193.97,185.21970000000186,185.93264499999984,42896,58484.3
2026-02-26T15:19:00-05:00,184.81,184.89,184.78,184.84,,,,,,,,,184.7591191693276,0,0,186.79999999999987,198.99,193.97,185.21070000000185,185.92734499999983,47729,59488.2
2026-02-26T15:20:00-05:00,184.85,184.915,184.73,184.74,,,,,,,,,184.75529533546208,0,0,186.79999999999987,198.99,193.97,185.19730000000186,185.91891999999984,26118,58197.5
2026-02-26T15:21:00-05:00,184.74,184.84,184.66,184.79,,,,,,,,,184.76223626836966,0,0,186.79999999999987,198.99,193.97,185.18380000000187,185.9110199999998,42594,58214.4
2026-02-26T15:22:00-05:00,184.8,184.92,184.78,184.88,,,,,,,,,184.78578901469572,0,0,186.79999999999987,198.99,193.97,185.17160000000186,185.90391999999986,33839,58584.4
2026-02-26T15:23:00-05:00,184.87,184.88,184.75,184.765,,,,,,,,,184.78163121175658,0,0,186.79999999999987,198.99,193.97,185.15800000000183,185.89504499999984,50965,59270.15
2026-02-26T15:24:00-05:00,184.76,184.97,184.72,184.97,,,,,,,,,184.81930496940527,0,0,186.79999999999987,198.99,193.97,185.14820000000185,185.88589499999983,29512,58693.8
2026-02-26T15:25:00-05:00,184.97,185.16,184.97,185.12,,,,,,,,,184.87944397552423,0,0,186.79999999999987,198.99,193.97,185.14380000000187,185.87734499999985,56849,60219.55
2026-02-26T15:26:00-05:00,185.12,185.19,185.01,185.035,,,,,,,,,184.91055518041938,0,0,186.79999999999987,198.99,193.97,185.1409000000018,185.86826999999982,45358,60548.4
2026-02-26T15:27:00-05:00,185.04,185.1,184.975,185.05,,,,,,,,,184.9384441443355,0,0,186.79999999999987,198.99,193.97,185.14190000000184,185.85791999999984,36933,60309.5
2026-02-26T15:28:00-05:00,185.03,185.1,184.74,184.75,,,,,,,,,184.90075531546842,0,0,186.79999999999987,198.99,193.97,185.13690000000182,185.84609499999985,45193,54978.2
2026-02-26T15:29:00-05:00,184.75,184.76,184.57,184.68,,,,,,,,,184.85660425237472,0,0,186.79999999999987,198.99,193.97,185.12990000000184,185.83369499999984,70116,56322.85
2026-02-26T15:30:00-05:00,184.685,184.77,184.63,184.7,,,,,,,,,184.82528340189978,0,0,186.79999999999987,198.99,193.97,185.12290000000183,185.8216949999998,45194,56080.4
2026-02-26T15:31:00-05:00,184.7,185.03,184.66,184.97,,,,,,,,,184.85422672151984,0,0,186.79999999999987,198.99,193.97,185.11950000000184,185.8097449999998,49658,56597.15
2026-02-26T15:32:00-05:00,184.98,185.13,184.94,185.055,,,,,,,,,184.89438137721586,0,0,186.79999999999987,198.99,193.97,185.11460000000184,185.7979199999998,48552,56841.25
2026-02-26T15:33:00-05:00,185.055,185.155,185.04,185.13,,,,,,,,,184.9415051017727,0,0,186.79999999999987,198.99,193.97,185.10910000000186,185.78711999999982,33267,53721.4
2026-02-26T15:34:00-05:00,185.12,185.28,185.08,185.2,,,,,,,,,184.99320408141816,0,0,186.79999999999987,198.99,193.97,185.10730000000186,185.7778699999998,54972,45132
2026-02-26T15:35:00-05:00,185.21,185.24,185.12,185.23,,,,,,,,,185.04056326513452,0,0,186.79999999999987,198.99,193.97,185.10050000000186,185.77061999999984,42543,44766.15
2026-02-26T15:36:00-05:00,185.22,185.22,185.1,185.13,,,,,,,,,185.0584506121076,0,0,186.79999999999987,198.99,193.97,185.09230000000184,185.76156999999984,34839,44527.65
2026-02-26T15:37:00-05:00,185.125,185.25,185.06,185.17,,,,,,,,,185.08076048968607,0,0,186.79999999999987,198.99,193.97,185.08300000000187,185.75211999999982,41178,43915.25
2026-02-26T15:38:00-05:00,185.17,185.37,185.15,185.33,,,,,,,,,185.13060839174886,0,0,186.79999999999987,198.99,193.97,185.0808000000019,185.74346999999983,83774,45959.15
2026-02-26T15:39:00-05:00,185.335,185.55,185.335,185.5,,,,,,,,,185.2044867133991,0,0,186.79999999999987,198.99,193.97,185.08460000000184,185.7351699999998,58743,46509.85
2026-02-26T15:40:00-05:00,185.5,185.5,185.32,185.34,,,,,,,,,185.23158937071926,0,0,186.79999999999987,198.99,193.97,185.08680000000186,185.72576999999984,45054,47456.65
2026-02-26T15:41:00-05:00,185.33,185.355,184.83,184.835,,,,,,,,,185.15227149657542,0,0,186.79999999999987,198.99,193.97,185.07490000000186,185.7139949999998,120076,51330.75
2026-02-26T15:42:00-05:00,184.84,184.87,184.54,184.61,,,,,,,,,185.04381719726035,0,0,186.79999999999987,198.99,193.97,185.05850000000183,185.70069499999983,118405,55559.05
2026-02-26T15:43:00-05:00,184.61,184.705,184.545,184.59,,,,,,,,,184.95305375780828,0,0,186.79999999999987,198.99,193.97,185.04080000000187,185.68766999999983,76345,56828.05
2026-02-26T15:44:00-05:00,184.59,184.94,184.59,184.87,,,,,,,,,184.93644300624663,0,0,186.79999999999987,198.99,193.97,185.02900000000187,185.6751699999998,68054,58755.15
2026-02-26T15:45:00-05:00,184.87,184.98,184.68,184.83,,,,,,,,,184.9151544049973,0,0,186.79999999999987,198.99,193.97,185.01290000000182,185.66246999999981,88096,60317.5
2026-02-26T15:46:00-05:00,184.83,184.88,184.725,184.88,,,,,,,,,184.90812352399786,0,0,186.79999999999987,198.99,193.97,184.99550000000184,185.64986999999982,58752,60987.2
2026-02-26T15:47:00-05:00,184.88,184.93,184.5,184.5,,,,,,,,,184.8264988191983,0,0,186.79999999999987,198.99,193.97,184.97230000000184,185.63581999999988,157874,67034.25
2026-02-26T15:48:00-05:00,184.5,184.58,184.34,184.56,,,,,,,,,184.77319905535865,0,0,186.79999999999987,198.99,193.97,184.95290000000182,185.62154499999986,118684,70708.8
2026-02-26T15:49:00-05:00,184.56,184.73,184.54,184.66,,,,,,,,,184.7505592442869,0,0,186.79999999999987,198.99,193.97,184.93770000000185,185.60696999999985,93428,71874.4
2026-02-26T15:50:00-05:00,184.67,185.2,184.64,185.075,,,,,,,,,184.81544739542952,0,0,186.79999999999987,198.99,193.97,184.93440000000183,185.59309499999983,239503,81589.85
2026-02-26T15:51:00-05:00,185.07,185.07,184.85,184.85,,,,,,,,,184.8223579163436,0,0,186.79999999999987,198.99,193.97,184.9253000000018,185.57749499999983,102853,84249.6
2026-02-26T15:52:00-05:00,184.85,184.975,184.73,184.88,,,,,,,,,184.83388633307487,0,0,186.79999999999987,198.99,193.97,184.91770000000182,185.56189499999982,127189,88181.45
2026-02-26T15:53:00-05:00,184.89,185,184.85,184.86,,,,,,,,,184.8391090664599,0,0,186.79999999999987,198.99,193.97,184.90970000000183,185.54669499999983,128111,92923.65
2026-02-26T15:54:00-05:00,184.85,185.02,184.82,184.905,,,,,,,,,184.85228725316793,0,0,186.79999999999987,198.99,193.97,184.90280000000183,185.53186999999983,162047,98277.4
2026-02-26T15:55:00-05:00,184.91,185.05,184.785,184.94,,,,,,,,,184.86982980253435,0,0,186.79999999999987,198.99,193.97,184.89680000000183,185.51881999999983,160881,104194.3
2026-02-26T15:56:00-05:00,184.94,185.005,184.79,184.81,,,,,,,,,184.85786384202748,0,0,186.79999999999987,198.99,193.97,184.88860000000182,185.50566999999984,97615,107333.1
2026-02-26T15:57:00-05:00,184.82,184.91,184.615,184.66,,,,,,,,,184.818291073622,0,0,186.79999999999987,198.99,193.97,184.87960000000186,185.4928699999998,127898,111669.1
2026-02-26T15:58:00-05:00,184.67,184.74,184.57,184.715,,,,,,,,,184.7976328588976,0,0,186.79999999999987,198.99,193.97,184.87450000000183,185.48084499999982,164159,115688.35
2026-02-26T15:59:00-05:00,184.715,184.95,184.67,184.86,,,,,,,,,184.8101062871181,0,0,186.79999999999987,198.99,193.97,184.87350000000185,185.46966999999984,272174,126359.9
2026-02-26T16:00:00-05:00,184.865,184.96,184.74,184.88,,,,,,,,,184.82408502969446,0,0,186.79999999999987,,,184.8721000000018,185.4589199999998,4720,124343.2
2026-02-26T16:01:00-05:00,184.89,184.98,184.88,184.88,,,,,,,,,184.83526802375556,0,0,186.79999999999987,,,184.87090000000182,185.44911999999982,8563,118767.55
2026-02-26T16:02:00-05:00,184.9,184.95,184.89,184.92,,,,,,,,,184.85221441900444,0,0,186.79999999999987,,,184.8721000000018,185.4394199999998,2181,112956.35
2026-02-26T16:03:00-05:00,184.92,184.99,184.89,184.97,,,,,,,,,184.87577153520354,0,0,186.79999999999987,,,184.87470000000178,185.43056999999982,2936,109285.9
2026-02-26T16:04:00-05:00,184.93,184.96,184.85,184.85,,,,,,,,,184.87061722816284,0,0,186.79999999999987,,,184.8841000000018,185.4217199999998,4170,106091.7
2026-02-26T16:05:00-05:00,184.85,184.92,184.77,184.87,,,,,,,,,184.87049378253027,0,0,186.79999999999987,,,184.89370000000184,185.41321999999982,4149,101894.35
2026-02-26T16:06:00-05:00,184.87,184.92,184.76,184.83,,,,,,,,,184.86239502602422,0,0,186.79999999999987,,,184.89910000000185,185.40441999999982,3010,99107.25
2026-02-26T16:07:00-05:00,184.85,184.85,184.52,184.55,,,,,,,,,184.79991602081938,0,0,186.79999999999987,,,184.89650000000182,185.39401999999984,4226,91424.85
2026-02-26T16:08:00-05:00,184.53,184.89,184.5,184.7,,,,,,,,,184.7799328166555,0,0,186.79999999999987,,,184.89430000000183,185.38464499999984,24499,86715.6
2026-02-26T16:09:00-05:00,184.73,184.79,184.65,184.71,,,,,,,,,184.76594625332442,0,0,186.79999999999987,,,184.8917000000018,185.37631999999982,2179,82153.15
2026-02-26T16:10:00-05:00,184.72,184.72,184.6,184.68,,,,,,,,,184.74875700265954,0,0,186.79999999999987,,,184.89050000000182,185.3678699999998,1025,70229.25
2026-02-26T16:11:00-05:00,184.65,184.7,184.63,184.67,,,,,,,,,184.73300560212763,0,0,186.79999999999987,,,184.88810000000183,185.35906999999986,1792,65176.2
2026-02-26T16:12:00-05:00,184.65,184.67,184.55,184.65,,,,,,,,,184.7164044817021,0,0,186.79999999999987,,,184.88350000000185,185.34941999999984,2029,58918.2
2026-02-26T16:13:00-05:00,184.63,184.68,184.55,184.59,,,,,,,,,184.69112358536168,0,0,186.79999999999987,,,184.88000000000184,185.33959499999986,4950,52760.15
2026-02-26T16:14:00-05:00,184.58,184.66,184.57,184.66,,,,,,,,,184.68489886828934,0,0,186.79999999999987,,,184.87380000000186,185.32954499999985,696,44692.6
2026-02-26T16:15:00-05:00,184.68,184.7,184.62,184.68,,,,,,,,,184.68391909463148,0,0,186.79999999999987,,,184.86500000000186,185.32034499999986,1311,36714.1
2026-02-26T16:16:00-05:00,184.68,184.78,184.66,184.77,,,,,,,,,184.70113527570518,0,0,186.79999999999987,,,184.85970000000182,185.31124499999987,2807,31973.7
2026-02-26T16:17:00-05:00,184.76,184.78,184.74,184.74,,,,,,,,,184.70890822056415,0,0,186.79999999999987,,,184.85350000000184,185.3016449999999,1482,25652.9
2026-02-26T16:18:00-05:00,184.75,184.79,184.72,184.79,,,,,,,,,184.72512657645132,0,0,186.79999999999987,,,184.8543000000018,185.29179499999987,1585,17524.2
2026-02-26T16:19:00-05:00,184.77,184.79,184.66,184.715,,,,,,,,,184.72310126116105,0,0,186.79999999999987,,,184.8550000000018,185.2815949999999,3025,4066.75
2026-02-26T16:20:00-05:00,184.72,184.96,184.71,184.92,,,,,,,,,184.76248100892883,0,0,186.79999999999987,,,184.8594000000018,185.2739449999999,9962,4328.85
2026-02-26T16:21:00-05:00,184.91,185.1,184.9,185.07,,,,,,,,,184.82398480714306,0,0,186.79999999999987,,,184.86140000000182,185.2681449999999,15667,4684.05
2026-02-26T16:22:00-05:00,185.07,185.1,184.93,184.94,,,,,,,,,184.84718784571444,0,0,186.79999999999987,,,184.85910000000183,185.2619449999999,3067,4728.35
2026-02-26T16:23:00-05:00,184.97,185,184.89,184.9,,,,,,,,,184.85775027657155,0,0,186.79999999999987,,,184.85450000000182,185.25619499999993,2753,4719.2
2026-02-26T16:24:00-05:00,184.88,184.93,184.811,184.9,,,,,,,,,184.86620022125723,0,0,186.79999999999987,,,184.8485000000018,185.25079499999993,1460,4583.7
2026-02-26T16:25:00-05:00,184.9,184.999,184.89,184.93,,,,,,,,,184.87896017700578,0,0,186.79999999999987,,,184.8425000000018,185.24509499999994,3143,4533.4
2026-02-26T16:26:00-05:00,184.97,185,184.97,184.97,,,,,,,,,184.89716814160462,0,0,186.79999999999987,,,184.83930000000183,185.24084499999992,713,4418.55
2026-02-26T16:27:00-05:00,184.95,184.98,184.88,184.92,,,,,,,,,184.90173451328369,0,0,186.79999999999987,,,184.83430000000183,185.23634499999991,3447,4379.6
2026-02-26T16:28:00-05:00,184.94,185,184.94,185,,,,,,,,,184.92138761062694,0,0,186.79999999999987,,,184.8277000000018,185.23449499999992,2118,3260.55
2026-02-26T16:29:00-05:00,184.99,185.039,184.99,185.01,,,,,,,,,184.93911008850154,0,0,186.79999999999987,,,184.81790000000183,185.23249499999991,3761,3339.65
2026-02-26T16:30:00-05:00,185.01,185.05,184.96,185.04,,,,,,,,,184.95928807080122,0,0,186.79999999999987,,,184.8119000000018,185.22999499999992,6604,3618.6
2026-02-26T16:31:00-05:00,185.04,185.12,185,185.1,,,,,,,,,184.98743045664096,0,0,186.79999999999987,,,184.8172000000018,185.22789499999988,2904,3674.2
2026-02-26T16:32:00-05:00,185.13,185.13,185.05,185.06,,,,,,,,,185.00194436531277,0,0,186.79999999999987,,,184.82620000000182,185.22804499999987,357,3590.6
2026-02-26T16:33:00-05:00,185.06,185.08,184.99,185.04,,,,,,,,,185.0095554922502,0,0,186.79999999999987,,,184.83520000000183,185.22699499999987,898,3388
2026-02-26T16:34:00-05:00,185.05,185.06,185.03,185.05,,,,,,,,,185.01764439380017,0,0,186.79999999999987,,,184.83880000000184,185.22644499999987,1194,3412.9
2026-02-26T16:35:00-05:00,185.04,185.1,185.04,185.04,,,,,,,,,185.02211551504013,0,0,186.79999999999987,,,184.8430000000018,185.22624499999992,1159,3405.3
2026-02-26T16:36:00-05:00,185.04,185.1,184.98,184.99,,,,,,,,,185.0156924120321,0,0,186.79999999999987,,,184.8452000000018,185.22609499999987,4992,3514.55
2026-02-26T16:37:00-05:00,185.03,185.08,184.96,185.05,,,,,,,,,185.0225539296257,0,0,186.79999999999987,,,184.85620000000182,185.22534499999986,1924,3536.65
2026-02-26T16:38:00-05:00,185.05,185.05,185,185,,,,,,,,,185.01804314370057,0,0,186.79999999999987,,,184.86500000000183,185.2241949999999,1431,3528.95
2026-02-26T16:39:00-05:00,185,185.04,184.98,185.02,,,,,,,,,185.01843451496046,0,0,186.79999999999987,,,184.87220000000184,185.22249499999987,992,3427.3
2026-02-26T16:40:00-05:00,185.01,185.04,185,185.04,,,,,,,,,185.02274761196836,0,0,186.79999999999987,,,184.8715000000018,185.22164499999985,789,2968.65
2026-02-26T16:41:00-05:00,185.02,185.06,185.01,185.06,,,,,,,,,185.0301980895747,0,0,186.79999999999987,,,184.8757000000018,185.2214949999999,1698,2270.2
2026-02-26T16:42:00-05:00,185.07,185.09,184.96,184.97,,,,,,,,,185.01815847165975,0,0,186.79999999999987,,,184.87750000000182,185.2193949999999,9605,2597.1
2026-02-26T16:43:00-05:00,184.98,184.99,184.92,184.94,,,,,,,,,185.0025267773278,0,0,186.79999999999987,,,184.8791000000018,185.21806999999987,3602,2639.55
2026-02-26T16:44:00-05:00,184.93,184.99,184.93,184.99,,,,,,,,,185.00002142186224,0,0,186.79999999999987,,,184.88080000000184,185.21541999999988,1011,2617.1
2026-02-26T16:45:00-05:00,184.99,184.99,184.92,184.94,,,,,,,,,184.9880171374898,0,0,186.79999999999987,,,184.88080000000184,185.21276999999986,456,2482.75
2026-02-26T16:46:00-05:00,184.94,184.97,184.92,184.94,,,,,,,,,184.97841370999186,0,0,186.79999999999987,,,184.88340000000187,185.2104199999999,598,2477
2026-02-26T16:47:00-05:00,184.94,185.1,184.93,185.07,,,,,,,,,184.99673096799347,0,0,186.79999999999987,,,184.89160000000186,185.2089199999999,5802,2594.75
2026-02-26T16:48:00-05:00,185.05,185.1,185.01,185.1,,,,,,,,,185.01738477439477,0,0,186.79999999999987,,,184.89930000000186,185.2078699999999,1245,2551.1
2026-02-26T16:49:00-05:00,185.08,185.09,185.05,185.07,,,,,,,,,185.0279078195158,0,0,186.79999999999987,,,184.90350000000188,185.20641999999992,2051,2465.6
2026-02-26T16:50:00-05:00,185.1,185.14,185.08,185.14,,,,,,,,,185.05032625561265,0,0,186.79999999999987,,,184.9087000000019,185.2058699999999,1041,2187.45
2026-02-26T16:51:00-05:00,185.15,185.24,185.15,185.2,,,,,,,,,185.08026100449013,0,0,186.79999999999987,,,184.91510000000187,185.2062199999999,4699,2277.2
2026-02-26T16:52:00-05:00,185.21,185.3,185.19,185.3,,,,,,,,,185.1242088035921,0,0,186.79999999999987,,,184.92270000000187,185.2073199999999,9411,2729.9
2026-02-26T16:53:00-05:00,185.3,185.36,185.28,185.35,,,,,,,,,185.1693670428737,0,0,186.79999999999987,,,184.9303000000019,185.2064699999999,3460,2858
2026-02-26T16:54:00-05:00,185.36,185.4,185.25,185.27,,,,,,,,,185.18949363429894,0,0,186.79999999999987,,,184.93870000000186,185.20449499999987,3993,2997.95
2026-02-26T16:55:00-05:00,185.28,185.3,185.26,185.27,,,,,,,,,185.20559490743915,0,0,186.79999999999987,,,184.94670000000184,185.2027949999999,1121,2996.05
2026-02-26T16:56:00-05:00,185.27,185.29,185.16,185.25,,,,,,,,,185.21447592595132,0,0,186.79999999999987,,,184.95510000000186,185.2001449999999,2460,2869.45
2026-02-26T16:57:00-05:00,185.27,185.37,185.27,185.36,,,,,,,,,185.24358074076105,0,0,186.79999999999987,,,184.97130000000183,185.19749499999986,1420,2844.25
2026-02-26T16:58:00-05:00,185.36,185.37,185.35,185.37,,,,,,,,,185.26886459260885,0,0,186.79999999999987,,,184.98470000000188,185.19514499999985,1418,2843.6
2026-02-26T16:59:00-05:00,185.36,185.399,185.19,185.27,,,,,,,,,185.2690916740871,0,0,186.79999999999987,,,184.99590000000185,185.19199499999988,3110,2949.5
2026-02-26T17:00:00-05:00,185.28,185.35,185.25,185.31,,,,,,,,,185.27727333926967,0,0,186.79999999999987,,,185.00850000000185,185.18929499999987,770,2948.55
2026-02-26T17:01:00-05:00,185.27,185.33,185.2,185.28,,,,,,,,,185.27781867141573,0,0,186.79999999999987,,,185.02070000000185,185.1864949999999,786,2902.95
2026-02-26T17:02:00-05:00,185.32,185.33,185.25,185.3,,,,,,,,,185.2822549371326,0,0,186.79999999999987,,,185.03370000000186,185.1847449999999,654,2455.4
2026-02-26T17:03:00-05:00,185.32,185.45,185.32,185.45,,,,,,,,,185.31580394970607,0,0,186.79999999999987,,,185.05090000000186,185.18324499999989,6624,2606.5
2026-02-26T17:04:00-05:00,185.46,185.46,185.22,185.29,,,,,,,,,185.31064315976485,0,0,186.79999999999987,,,185.06350000000185,185.1816449999999,2248,2668.35
2026-02-26T17:05:00-05:00,185.29,185.32,185.17,185.25,,,,,,,,,185.29851452781188,0,0,186.79999999999987,,,185.07490000000183,185.1792949999999,1093,2700.2
2026-02-26T17:06:00-05:00,185.29,185.33,185.26,185.32,,,,,,,,,185.3028116222495,0,0,186.79999999999987,,,185.08590000000183,185.1783449999999,2183,2779.45
2026-02-26T17:07:00-05:00,185.3,185.41,185.28,185.38,,,,,,,,,185.31824929779958,0,0,186.79999999999987,,,185.09870000000186,185.1775999999999,18682,3423.45
2026-02-26T17:08:00-05:00,185.38,185.5,185.38,185.46,,,,,,,,,185.34659943823968,0,0,186.79999999999987,,,185.11210000000185,185.1784499999999,8877,3805.05
2026-02-26T17:09:00-05:00,185.47,185.56,185.47,185.56,,,,,,,,,185.38927955059174,0,0,186.79999999999987,,,185.12900000000184,185.18044999999992,4691,3937.05
2026-02-26T17:10:00-05:00,185.55,185.56,185.43,185.44,,,,,,,,,185.3994236404734,0,0,186.79999999999987,,,185.1394000000018,185.18339999999992,8175,4293.75
2026-02-26T17:11:00-05:00,185.43,185.45,185.38,185.4,,,,,,,,,185.39953891237872,0,0,186.79999999999987,,,185.1460000000018,185.18594999999993,1459,4131.75
2026-02-26T17:12:00-05:00,185.42,185.42,185.37,185.42,,,,,,,,,185.40363112990298,0,0,186.79999999999987,,,185.15560000000178,185.18819999999994,1200,3721.2
2026-02-26T17:13:00-05:00,185.42,185.5,185.42,185.49,,,,,,,,,185.42090490392238,0,0,186.79999999999987,,,185.16740000000183,185.1902499999999,1985,3647.45
2026-02-26T17:14:00-05:00,185.48,185.53,185.44,185.44,,,,,,,,,185.4247239231379,0,0,186.79999999999987,,,185.17820000000182,185.1918499999999,4281,3661.85
2026-02-26T17:15:00-05:00,185.47,185.509,185.45,185.5,,,,,,,,,185.43977913851032,0,0,186.79999999999987,,,185.1896000000018,185.19354999999993,428,3627.2
2026-02-26T17:16:00-05:00,185.509,185.509,185.45,185.47,,,,,,,,,185.44582331080827,0,0,186.79999999999987,,,185.19960000000182,185.1943249999999,701,3539.25
2026-02-26T17:17:00-05:00,185.47,185.52,185.47,185.5,,,,,,,,,185.45665864864662,0,0,186.79999999999987,,,185.2112000000018,185.19507499999992,4577,3697.1
2026-02-26T17:18:00-05:00,185.5,185.59,185.5,185.56,,,,,,,,,185.4773269189173,0,0,186.79999999999987,,,185.2224000000018,185.19652499999992,2493,3750.85
2026-02-26T17:19:00-05:00,185.57,185.57,185.52,185.53,,,,,,,,,185.48786153513385,0,0,186.79999999999987,,,185.23280000000182,185.1980749999999,479,3619.3
2026-02-26T17:20:00-05:00,185.52,185.69,185.52,185.68,,,,,,,,,185.5262892281071,0,0,186.79999999999987,,,185.2456000000018,185.19999999999993,5874,3874.5
2026-02-26T17:21:00-05:00,185.68,185.71,185.63,185.69,,,,,,,,,185.55903138248567,0,0,186.79999999999987,,,185.2574000000018,185.2008499999999,4370,4053.7
2026-02-26T17:22:00-05:00,185.68,185.69,185.56,185.64,,,,,,,,,185.57522510598852,0,0,186.79999999999987,,,185.2690000000018,185.20127499999987,1728,4107.4
2026-02-26T17:23:00-05:00,185.64,185.64,185.52,185.53,,,,,,,,,185.56618008479083,0,0,186.79999999999987,,,185.27880000000178,185.19967499999987,616,3807
2026-02-26T17:24:00-05:00,185.53,185.6,185.51,185.59,,,,,,,,,185.57094406783267,0,0,186.79999999999987,,,185.28960000000177,185.19792499999986,4406,3914.9
2026-02-26T17:25:00-05:00,185.57,185.59,185.52,185.54,,,,,,,,,185.56475525426615,0,0,186.79999999999987,,,185.29960000000176,185.19562499999986,305,3875.5
2026-02-26T17:26:00-05:00,185.54,185.54,185.45,185.45,,,,,,,,,185.5418042034129,0,0,186.79999999999987,,,185.30880000000175,185.19252499999985,1659,3849.3
2026-02-26T17:27:00-05:00,185.46,185.53,185.46,185.52,,,,,,,,,185.53744336273033,0,0,186.79999999999987,,,185.31820000000178,185.18897499999986,647,2947.55
2026-02-26T17:28:00-05:00,185.5,185.52,185.43,185.46,,,,,,,,,185.52195469018426,0,0,186.79999999999987,,,185.3274000000018,185.18432499999983,1158,2561.6
2026-02-26T17:29:00-05:00,185.46,185.48,185.33,185.33,,,,,,,,,185.4835637521474,0,0,186.79999999999987,,,185.33360000000184,185.17837499999985,2790,2466.55
2026-02-26T17:30:00-05:00,185.32,185.35,185.3,185.32,,,,,,,,,185.45085100171792,0,0,186.79999999999987,,,185.3392000000018,185.1718249999998,2132,2164.4
2026-02-26T17:31:00-05:00,185.31,185.32,185.26,185.29,,,,,,,,,185.41868080137434,0,0,186.79999999999987,,,185.34380000000183,185.16697499999984,766,2129.75
2026-02-26T17:32:00-05:00,185.28,185.28,185.21,185.26,,,,,,,,,185.38694464109946,0,0,186.79999999999987,,,185.3496000000018,185.16277499999987,1983,2168.9
2026-02-26T17:33:00-05:00,185.25,185.26,185.15,185.19,,,,,,,,,185.34755571287957,0,0,186.79999999999987,,,185.35460000000185,185.15812499999984,1800,2159.65
2026-02-26T17:34:00-05:00,185.16,185.2,185.13,185.18,,,,,,,,,185.31404457030365,0,0,186.79999999999987,,,185.35840000000186,185.15329999999986,1435,2017.35
2026-02-26T17:35:00-05:00,185.18,185.26,185.18,185.22,,,,,,,,,185.2952356562429,0,0,186.79999999999987,,,185.36400000000182,185.14814999999987,787,2035.3
2026-02-26T17:36:00-05:00,185.21,185.22,185.16,185.2,,,,,,,,,185.27618852499432,0,0,186.79999999999987,,,185.3692000000018,185.14304999999985,602,2030.35
2026-02-26T17:37:00-05:00,185.18,185.2,185.16,185.2,,,,,,,,,185.26095081999546,0,0,186.79999999999987,,,185.37180000000183,185.13772499999988,4015,2002.25
2026-02-26T17:38:00-05:00,185.2,185.2,185.08,185.08,,,,,,,,,185.22476065599636,0,0,186.79999999999987,,,185.3714000000018,185.1325249999999,1857,1970.45
2026-02-26T17:39:00-05:00,185.08,185.17,185.07,185.17,,,,,,,,,185.2138085247971,0,0,186.79999999999987,,,185.3734000000018,185.12897499999988,379,1965.45
2026-02-26T17:40:00-05:00,185.17,185.17,185.1,185.15,,,,,,,,,185.20104681983767,0,0,186.79999999999987,,,185.37360000000174,185.12572499999987,1142,1728.85
2026-02-26T17:41:00-05:00,185.15,185.23,185.15,185.22,,,,,,,,,185.20483745587015,0,0,186.79999999999987,,,185.37400000000176,185.1231249999999,2629,1641.8
2026-02-26T17:42:00-05:00,185.22,185.25,185.18,185.22,,,,,,,,,185.20786996469613,0,0,186.79999999999987,,,185.37240000000176,185.12192499999986,462,1578.5
2026-02-26T17:43:00-05:00,185.15,185.22,185.01,185.01,,,,,,,,,185.1682959717569,0,0,186.79999999999987,,,185.36560000000176,185.1192749999999,2370,1666.2
2026-02-26T17:44:00-05:00,185.03,185.11,185.01,185.05,,,,,,,,,185.1446367774055,0,0,186.79999999999987,,,185.36120000000176,185.1172999999999,1133,1502.55
2026-02-26T17:45:00-05:00,185.02,185.05,185.01,185.02,,,,,,,,,185.1197094219244,0,0,186.79999999999987,,,185.35620000000182,185.1156749999999,1854,1580
2026-02-26T17:46:00-05:00,185.04,185.05,185.01,185.03,,,,,,,,,185.10176753753953,0,0,186.79999999999987,,,185.35180000000182,185.1130249999999,2759,1635
2026-02-26T17:47:00-05:00,185.03,185.1,185.02,185.04,,,,,,,,,185.08941403003163,0,0,186.79999999999987,,,185.34540000000183,185.1112249999999,452,1625.25
2026-02-26T17:48:00-05:00,185.02,185.02,184.9,184.93,,,,,,,,,185.0575312240253,0,0,186.79999999999987,,,185.33660000000182,185.1088249999999,11224,2128.55
2026-02-26T17:49:00-05:00,184.92,184.93,184.89,184.9,,,,,,,,,185.02602497922024,0,0,186.79999999999987,,,185.3292000000018,185.1068749999999,2013,2089.7
2026-02-26T17:50:00-05:00,184.89,184.92,184.89,184.89,,,,,,,,,184.9988199833762,0,0,186.79999999999987,,,185.3208000000018,185.10427499999986,1484,2057.3
2026-02-26T17:51:00-05:00,184.9,184.92,184.87,184.87,,,,,,,,,184.97305598670096,0,0,186.79999999999987,,,185.3126000000018,185.1012999999999,947,2066.35
2026-02-26T17:52:00-05:00,184.87,184.93,184.85,184.93,,,,,,,,,184.96444478936075,0,0,186.79999999999987,,,185.30520000000183,185.09849999999992,1854,2059.9
2026-02-26T17:53:00-05:00,184.9,184.9,184.86,184.89,,,,,,,,,184.9495558314886,0,0,186.79999999999987,,,185.29400000000183,185.0957249999999,655,2002.65
2026-02-26T17:54:00-05:00,184.89,184.96,184.89,184.95,,,,,,,,,184.94964466519087,0,0,186.79999999999987,,,185.28720000000186,185.0931749999999,1133,1987.55
2026-02-26T17:55:00-05:00,185,185.08,184.99,185,,,,,,,,,184.9597157321527,0,0,186.79999999999987,,,185.28220000000184,185.0914749999999,1584,2027.4
2026-02-26T17:56:00-05:00,184.99,185,184.95,184.95,,,,,,,,,184.95777258572215,0,0,186.79999999999987,,,185.27480000000185,185.09032499999986,671,2030.85
2026-02-26T17:57:00-05:00,184.98,185.08,184.96,185.05,,,,,,,,,184.97621806857774,0,0,186.79999999999987,,,185.26820000000185,185.0905749999999,1138,1887
2026-02-26T17:58:00-05:00,185.05,185.2,185.05,185.18,,,,,,,,,185.01697445486218,0,0,186.79999999999987,,,185.26260000000184,185.0914749999999,813,1834.8
2026-02-26T17:59:00-05:00,185.16,185.19,185.15,185.18,,,,,,,,,185.04957956388975,0,0,186.79999999999987,,,185.25500000000184,185.0922249999999,1105,1871.1
2026-02-26T18:00:00-05:00,185.17,185.21,185.1,185.11,,,,,,,,,185.06166365111181,0,0,186.79999999999987,,,185.24840000000185,185.09252499999988,9379,2282.95
2026-02-26T18:01:00-05:00,185.14,185.25,185.12,185.25,,,,,,,,,185.09933092088946,0,0,186.79999999999987,,,185.24540000000187,185.09307499999989,404,2171.7
2026-02-26T18:02:00-05:00,185.25,185.26,185.16,185.17,,,,,,,,,185.11346473671156,0,0,186.79999999999987,,,185.24040000000184,185.0924249999999,1800,2238.6
2026-02-26T18:03:00-05:00,185.17,185.18,185.07,185.07,,,,,,,,,185.10477178936924,0,0,186.79999999999987,,,185.23200000000182,185.09074999999987,2394,2239.8
2026-02-26T18:04:00-05:00,185.06,185.07,184.94,184.95,,,,,,,,,185.0738174314954,0,0,186.79999999999987,,,185.22220000000183,185.08904999999987,5235,2444.9
2026-02-26T18:05:00-05:00,185,185.01,184.82,184.82,,,,,,,,,185.02305394519632,0,0,186.79999999999987,,,185.20860000000184,185.08529999999988,4991,2601.75
2026-02-26T18:06:00-05:00,184.85,184.9,184.84,184.86,,,,,,,,,184.99044315615706,0,0,186.79999999999987,,,185.19640000000186,185.08189999999988,161,2471.85
2026-02-26T18:07:00-05:00,184.92,185,184.89,184.93,,,,,,,,,184.97835452492563,0,0,186.79999999999987,,,185.18500000000185,185.0783749999999,776,2488.05
2026-02-26T18:08:00-05:00,184.94,184.98,184.93,184.95,,,,,,,,,184.9726836199405,0,0,186.79999999999987,,,185.17280000000184,185.07592499999993,666,1960.15
2026-02-26T18:09:00-05:00,184.98,185,184.97,184.99,,,,,,,,,184.9761468959524,0,0,186.79999999999987,,,185.16200000000185,185.07432499999993,369,1877.95
2026-02-26T18:10:00-05:00,184.98,185,184.95,184.96,,,,,,,,,184.97291751676192,0,0,186.79999999999987,,,185.14760000000183,185.07297499999993,973,1852.4
2026-02-26T18:11:00-05:00,184.96,185.25,184.96,185.22,,,,,,,,,185.02233401340953,0,0,186.79999999999987,,,185.13820000000186,185.07192499999994,3635,1986.8
2026-02-26T18:12:00-05:00,185.2,185.22,185.2,185.22,,,,,,,,,185.06186721072763,0,0,186.79999999999987,,,185.12980000000186,185.07087499999994,559,1922.05
2026-02-26T18:13:00-05:00,185.22,185.25,185.17,185.19,,,,,,,,,185.0874937685821,0,0,186.79999999999987,,,185.12300000000184,185.06944999999993,1992,1988.9
2026-02-26T18:14:00-05:00,185.2,185.25,184.95,184.95,,,,,,,,,185.05999501486568,0,0,186.79999999999987,,,185.1102000000018,185.06689999999992,5188,2191.65
2026-02-26T18:15:00-05:00,184.99,185.2,184.31,185.2,,,,,,,,,185.08799601189253,0,0,186.79999999999987,,,185.10340000000187,185.06472499999992,37077,3966.3
2026-02-26T18:16:00-05:00,185.2,185.2,184.9,184.91,,,,,,,,,185.05239680951402,0,0,186.79999999999987,,,185.09260000000185,185.06052499999996,874,3976.45
2026-02-26T18:17:00-05:00,184.89,184.89,184.62,184.7,,,,,,,,,184.9819174476112,0,0,186.79999999999987,,,185.07620000000188,185.05572499999994,4142,4126.65
2026-02-26T18:18:00-05:00,184.71,184.8,184.6,184.8,,,,,,,,,184.94553395808896,0,0,186.79999999999987,,,185.0630000000019,185.05207499999995,436,4107.8
2026-02-26T18:19:00-05:00,184.79,184.96,184.78,184.96,,,,,,,,,184.94842716647116,0,0,186.79999999999987,,,185.0556000000019,185.04977499999993,1776,4141.35
2026-02-26T18:20:00-05:00,184.96,185.01,184.89,184.89,,,,,,,,,184.93674173317692,0,0,186.79999999999987,,,185.04700000000187,185.04802499999994,2495,3797.15
2026-02-26T18:21:00-05:00,184.86,184.89,184.62,184.89,,,,,,,,,184.92739338654152,0,0,186.79999999999987,,,185.03900000000186,185.04594999999995,16171,4585.5
2026-02-26T18:22:00-05:00,184.89,184.99,184.85,184.94,,,,,,,,,184.92991470923323,0,0,186.79999999999987,,,185.03260000000188,185.04434999999998,2643,4627.65
2026-02-26T18:23:00-05:00,184.95,185,184.94,184.96,,,,,,,,,184.9359317673866,0,0,186.79999999999987,,,185.0280000000019,185.04284999999996,1488,4582.35
2026-02-26T18:24:00-05:00,184.97,185.05,184.96,185,,,,,,,,,184.94874541390928,0,0,186.79999999999987,,,185.0244000000019,185.04159999999996,2427,4441.95
2026-02-26T18:25:00-05:00,185.01,185.11,184.97,185.11,,,,,,,,,184.98099633112741,0,0,186.79999999999987,,,185.0222000000019,185.04094999999995,2561,4320.45
2026-02-26T18:26:00-05:00,185.13,185.15,185.07,185.07,,,,,,,,,184.99879706490194,0,0,186.79999999999987,,,185.01960000000187,185.04019999999994,1125,4368.65
2026-02-26T18:27:00-05:00,185.06,185.18,185.06,185.11,,,,,,,,,185.02103765192155,0,0,186.79999999999987,,,185.01780000000187,185.04019999999997,4851,4572.4
2026-02-26T18:28:00-05:00,185.18,185.2,185.17,185.2,,,,,,,,,185.05683012153725,0,0,186.79999999999987,,,185.0202000000019,185.04134999999994,2478,4663
2026-02-26T18:29:00-05:00,185.2,185.23,185.1,185.18,,,,,,,,,185.0814640972298,0,0,186.79999999999987,,,185.0204000000019,185.04269999999994,1614,4725.25
2026-02-26T18:30:00-05:00,185.16,185.18,185.04,185.06,,,,,,,,,185.07717127778383,0,0,186.79999999999987,,,185.0186000000019,185.0432499999999,1123,4732.75
2026-02-26T18:31:00-05:00,185.04,185.05,184.98,185.01,,,,,,,,,185.06373702222706,0,0,186.79999999999987,,,185.01440000000193,185.04359999999988,4468,4774.4
2026-02-26T18:32:00-05:00,185.02,185.04,185,185,,,,,,,,,185.05098961778165,0,0,186.79999999999987,,,185.01000000000192,185.0442999999999,2372,4865.05
2026-02-26T18:33:00-05:00,185.03,185.04,185.02,185.04,,,,,,,,,185.04879169422532,0,0,186.79999999999987,,,185.01060000000192,185.04529999999988,324,4781.65
2026-02-26T18:34:00-05:00,185.03,185.03,185.02,185.03,,,,,,,,,185.04503335538024,0,0,186.79999999999987,,,185.01020000000193,185.04854999999986,198,4532.15
2026-02-26T18:35:00-05:00,185.02,185.02,185.02,185.02,,,,,,,,,185.0400266843042,0,0,186.79999999999987,,,185.01020000000193,185.05169999999987,150,2685.8
2026-02-26T18:36:00-05:00,185.02,185.03,185.02,185.02,,,,,,,,,185.03602134744335,0,0,186.79999999999987,,,185.01000000000192,185.05399999999986,426,2663.4
2026-02-26T18:37:00-05:00,185.02,185.02,184.89,184.89,,,,,,,,,185.00681707795468,0,0,186.79999999999987,,,185.0070000000019,185.05504999999985,2433,2577.95
2026-02-26T18:38:00-05:00,184.89,184.95,184.85,184.95,,,,,,,,,184.99545366236373,0,0,186.79999999999987,,,185.0074000000019,185.0557499999999,1328,2622.55
2026-02-26T18:39:00-05:00,184.95,184.97,184.92,184.96,,,,,,,,,184.988362929891,0,0,186.79999999999987,,,185.0086000000019,185.05634999999987,31,2535.3
2026-02-26T18:40:00-05:00,184.95,185.01,184.9,185.01,,,,,,,,,184.99269034391278,0,0,186.79999999999987,,,185.0110000000019,185.05769999999987,2048,2512.95
2026-02-26T18:41:00-05:00,185,185.02,185,185.02,,,,,,,,,184.99815227513022,0,0,186.79999999999987,,,185.01400000000191,185.05884999999986,77,1708.25
2026-02-26T18:42:00-05:00,185.03,185.13,185.02,185.1,,,,,,,,,185.01852182010418,0,0,186.79999999999987,,,185.0174000000019,185.05994999999987,600,1606.1
2026-02-26T18:43:00-05:00,185.1,185.11,185.1,185.1,,,,,,,,,185.03481745608335,0,0,186.79999999999987,,,185.02160000000194,185.0616249999999,223,1542.85
2026-02-26T18:44:00-05:00,185.11,185.15,185.1,185.12,,,,,,,,,185.05185396486667,0,0,186.79999999999987,,,185.02500000000194,185.0623749999999,1543,1498.65
2026-02-26T18:45:00-05:00,185.11,185.11,185,185.07,,,,,,,,,185.05548317189334,0,0,186.79999999999987,,,185.02640000000193,185.0621249999999,1704,1455.8
2026-02-26T18:46:00-05:00,185.09,185.1,185.03,185.09,,,,,,,,,185.06238653751467,0,0,186.79999999999987,,,185.0292000000019,185.0623999999999,1763,1487.7
2026-02-26T18:47:00-05:00,185.09,185.09,184.99,184.99,,,,,,,,,185.04790923001173,0,0,186.79999999999987,,,185.02800000000195,185.06209999999993,4232,1456.75
2026-02-26T18:48:00-05:00,184.99,185.01,184.93,184.98,,,,,,,,,185.03432738400937,0,0,186.79999999999987,,,185.02400000000193,185.0632499999999,668,1366.25
2026-02-26T18:49:00-05:00,185.01,185.04,184.91,184.91,,,,,,,,,185.0094619072075,0,0,186.79999999999987,,,185.01860000000192,185.06439999999992,1049,1338
2026-02-26T18:50:00-05:00,184.95,184.99,184.95,184.99,,,,,,,,,185.00556952576602,0,0,186.79999999999987,,,185.01620000000193,185.06584999999993,254,1294.55
2026-02-26T18:51:00-05:00,184.97,185.03,184.96,185.03,,,,,,,,,185.01045562061282,0,0,186.79999999999987,,,185.01180000000193,185.0661499999999,1753,1158.8
2026-02-26T18:52:00-05:00,185.03,185.1,185.03,185.06,,,,,,,,,185.02036449649026,0,0,186.79999999999987,,,185.0096000000019,185.0661749999999,385,1059.45
2026-02-26T18:53:00-05:00,185.06,185.11,185.06,185.11,,,,,,,,,185.0382915971922,0,0,186.79999999999987,,,185.01040000000194,185.06607499999987,616,1074.05
2026-02-26T18:54:00-05:00,185.1,185.13,185.1,185.13,,,,,,,,,185.05663327775375,0,0,186.79999999999987,,,185.01400000000191,185.06572499999987,409,1084.6
2026-02-26T18:55:00-05:00,185.13,185.15,185.09,185.1,,,,,,,,,185.065306622203,0,0,186.79999999999987,,,185.01960000000193,185.0650749999999,2463,1200.25
2026-02-26T18:56:00-05:00,185.11,185.13,185.1,185.1,,,,,,,,,185.0722452977624,0,0,186.79999999999987,,,185.02440000000192,185.06492499999985,324,1195.15
2026-02-26T18:57:00-05:00,185.09,185.09,185,185.02,,,,,,,,,185.06179623820992,0,0,186.79999999999987,,,185.02620000000192,185.06417499999986,886,1117.8
2026-02-26T18:58:00-05:00,185.02,185.05,185.01,185.05,,,,,,,,,185.05943699056795,0,0,186.79999999999987,,,185.02820000000193,185.06277499999985,244,1063.6
2026-02-26T18:59:00-05:00,185.05,185.15,185.05,185.11,,,,,,,,,185.06954959245436,0,0,186.79999999999987,,,185.03060000000195,185.06082499999985,1607,1142.4
2026-02-26T19:00:00-05:00,185.15,185.16,185.11,185.12,,,,,,,,,185.0796396739635,0,0,186.79999999999987,,,185.03380000000195,185.05972499999982,47,1042.35
2026-02-26T19:01:00-05:00,185.12,185.14,185.09,185.09,,,,,,,,,185.0817117391708,0,0,186.79999999999987,,,185.03120000000195,185.06099999999984,733,1075.15
2026-02-26T19:02:00-05:00,185.13,185.14,185.13,185.13,,,,,,,,,185.09136939133663,0,0,186.79999999999987,,,185.0294000000019,185.06359999999984,18,1046.05
2026-02-26T19:03:00-05:00,185.13,185.15,185.12,185.12,,,,,,,,,185.0970955130693,0,0,186.79999999999987,,,185.02800000000192,185.06624999999985,453,1057.55
2026-02-26T19:04:00-05:00,185.12,185.14,185.05,185.05,,,,,,,,,185.08767641045543,0,0,186.79999999999987,,,185.03000000000193,185.06714999999983,1128,1036.8
2026-02-26T19:05:00-05:00,185.05,185.149,185.05,185.14,,,,,,,,,185.09814112836435,0,0,186.79999999999987,,,185.02880000000195,185.06869999999984,523,977.75
2026-02-26T19:06:00-05:00,185.11,185.14,185.11,185.13,,,,,,,,,185.10451290269148,0,0,186.79999999999987,,,185.03320000000193,185.06994999999984,472,913.2
2026-02-26T19:07:00-05:00,185.14,185.14,185.11,185.11,,,,,,,,,185.10561032215318,0,0,186.79999999999987,,,185.04140000000191,185.07299999999984,402,721.7
2026-02-26T19:08:00-05:00,185.13,185.16,185.11,185.13,,,,,,,,,185.11048825772255,0,0,186.79999999999987,,,185.04800000000188,185.07584999999983,1995,788.05
2026-02-26T19:09:00-05:00,185.139,185.15,185.11,185.14,,,,,,,,,185.11639060617804,0,0,186.79999999999987,,,185.05160000000188,185.07824999999983,239,747.55
2026-02-26T19:10:00-05:00,185.16,185.17,185.1,185.17,,,,,,,,,185.12711248494244,0,0,186.79999999999987,,,185.0572000000019,185.07872499999982,751,772.4
2026-02-26T19:11:00-05:00,185.18,185.23,185.18,185.21,,,,,,,,,185.14368998795396,0,0,186.79999999999987,,,185.06360000000188,185.08052499999982,2049,787.2
2026-02-26T19:12:00-05:00,185.2,185.21,185.13,185.19,,,,,,,,,185.15295199036316,0,0,186.79999999999987,,,185.0686000000019,185.08207499999983,855,810.7
2026-02-26T19:13:00-05:00,185.15,185.16,185.13,185.14,,,,,,,,,185.15036159229052,0,0,186.79999999999987,,,185.0722000000019,185.08347499999982,292,794.5
2026-02-26T19:14:00-05:00,185.16,185.16,185.13,185.15,,,,,,,,,185.1502892738324,0,0,186.79999999999987,,,185.0752000000019,185.0846999999998,345,791.3
2026-02-26T19:15:00-05:00,185.14,185.14,185.13,185.13,,,,,,,,,185.14623141906594,0,0,186.79999999999987,,,185.0756000000019,185.08564999999982,174,676.85
2026-02-26T19:16:00-05:00,185.121,185.145,185.121,185.14,,,,,,,,,185.14498513525274,0,0,186.79999999999987,,,185.0770000000019,185.08729999999977,168,669.05
2026-02-26T19:17:00-05:00,185.14,185.16,185.14,185.15,,,,,,,,,185.1459881082022,0,0,186.79999999999987,,,185.07780000000187,185.08974999999975,273,638.4
2026-02-26T19:18:00-05:00,185.15,185.15,185.14,185.15,,,,,,,,,185.14679048656177,0,0,186.79999999999987,,,185.0768000000019,185.09192499999975,370,644.7
2026-02-26T19:19:00-05:00,185.15,185.18,185.15,185.18,,,,,,,,,185.15343238924942,0,0,186.79999999999987,,,185.0768000000019,185.09352499999974,370,582.85
2026-02-26T19:20:00-05:00,185.18,185.22,185.18,185.21,,,,,,,,,185.16474591139954,0,0,186.79999999999987,,,185.07980000000188,185.09517499999976,1613,661.15
2026-02-26T19:21:00-05:00,185.21,185.22,185.18,185.22,,,,,,,,,185.17579672911964,0,0,186.79999999999987,,,185.0840000000019,185.09687499999976,991,674.05
2026-02-26T19:22:00-05:00,185.22,185.25,185.21,185.22,,,,,,,,,185.18463738329572,0,0,186.79999999999987,,,185.08840000000188,185.09837499999972,3227,834.5
2026-02-26T19:23:00-05:00,185.22,185.22,185.18,185.2,,,,,,,,,185.18770990663657,0,0,186.79999999999987,,,185.0916000000019,185.09952499999974,442,833.95
2026-02-26T19:24:00-05:00,185.2,185.2,185.15,185.16,,,,,,,,,185.18216792530924,0,0,186.79999999999987,,,185.0942000000019,185.10107499999975,363,795.7
2026-02-26T19:25:00-05:00,185.16,185.17,185.14,185.14,,,,,,,,,185.1737343402474,0,0,186.79999999999987,,,185.0966000000019,185.10242499999976,468,792.95
2026-02-26T19:26:00-05:00,185.14,185.14,185.1,185.1,,,,,,,,,185.1589874721979,0,0,186.79999999999987,,,185.0982000000019,185.10377499999973,707,804.7
2026-02-26T19:27:00-05:00,185.12,185.12,185.06,185.07,,,,,,,,,185.14118997775833,0,0,186.79999999999987,,,185.1018000000019,185.10637499999973,450,807.1
2026-02-26T19:28:00-05:00,185.06,185.07,185.02,185.03,,,,,,,,,185.11895198220665,0,0,186.79999999999987,,,185.1034000000019,185.1080249999997,617,738.2
2026-02-26T19:29:00-05:00,185.03,185.06,185.01,185.06,,,,,,,,,185.1071615857653,0,0,186.79999999999987,,,185.1054000000019,185.10977499999973,1104,781.45
2026-02-26T19:30:00-05:00,185.05,185.06,185.02,185.02,,,,,,,,,185.08972926861225,0,0,186.79999999999987,,,185.1056000000019,185.1114749999997,481,767.95
2026-02-26T19:31:00-05:00,185.04,185.099,185.04,185.08,,,,,,,,,185.0877834148898,0,0,186.79999999999987,,,185.10680000000193,185.11352499999973,814,706.2
2026-02-26T19:32:00-05:00,185.08,185.12,185.08,185.12,,,,,,,,,185.09422673191185,0,0,186.79999999999987,,,185.1072000000019,185.11587499999973,70,666.95
2026-02-26T19:33:00-05:00,185.11,185.11,185.01,185.01,,,,,,,,,185.07738138552946,0,0,186.79999999999987,,,185.1054000000019,185.11797499999972,2758,790.25
2026-02-26T19:34:00-05:00,185.02,185.04,185,185.04,,,,,,,,,185.06990510842357,0,0,186.79999999999987,,,185.10380000000194,185.11987499999975,1449,845.45
2026-02-26T19:35:00-05:00,185.01,185.05,185.01,185.05,,,,,,,,,185.06592408673885,0,0,186.79999999999987,,,185.10340000000193,185.1217249999997,432,858.35
2026-02-26T19:36:00-05:00,185.03,185.04,185.02,185.03,,,,,,,,,185.05873926939108,0,0,186.79999999999987,,,185.10220000000194,185.12302499999973,70,853.45
2026-02-26T19:37:00-05:00,185.02,185.02,184.91,184.97,,,,,,,,,185.04099141551288,0,0,186.79999999999987,,,185.10180000000196,185.12417499999975,3479,1013.75
2026-02-26T19:38:00-05:00,184.95,184.97,184.91,184.94,,,,,,,,,185.0207931324103,0,0,186.79999999999987,,,185.10100000000196,185.12492499999973,248,1007.65
2026-02-26T19:39:00-05:00,184.92,184.99,184.91,184.96,,,,,,,,,185.00863450592823,0,0,186.79999999999987,,,185.10200000000194,185.1261499999997,2447,1111.5
2026-02-26T19:40:00-05:00,184.96,184.97,184.94,184.97,,,,,,,,,185.0009076047426,0,0,186.79999999999987,,,185.10160000000195,185.12639999999973,1382,1099.95
2026-02-26T19:41:00-05:00,184.96,184.96,184.94,184.96,,,,,,,,,184.99272608379408,0,0,186.79999999999987,,,185.10020000000193,185.12584999999973,39,1052.35
2026-02-26T19:42:00-05:00,184.97,184.97,184.92,184.92,,,,,,,,,184.97818086703526,0,0,186.79999999999987,,,185.09740000000195,185.12574999999975,1936,987.8
2026-02-26T19:43:00-05:00,184.94,184.96,184.94,184.95,,,,,,,,,184.9725446936282,0,0,186.79999999999987,,,185.09420000000193,185.12599999999972,2405,1085.95
2026-02-26T19:44:00-05:00,184.95,184.96,184.86,184.89,,,,,,,,,184.95603575490256,0,0,186.79999999999987,,,185.08940000000194,185.12594999999973,1736,1154.6
2026-02-26T19:45:00-05:00,184.87,184.87,184.85,184.86,,,,,,,,,184.93682860392204,0,0,186.79999999999987,,,185.08460000000193,185.12559999999974,1540,1208.2
2026-02-26T19:46:00-05:00,184.85,184.85,184.8,184.82,,,,,,,,,184.91346288313764,0,0,186.79999999999987,,,185.07900000000194,185.12484999999975,1602,1252.95
2026-02-26T19:47:00-05:00,184.83,184.88,184.83,184.87,,,,,,,,,184.9047703065101,0,0,186.79999999999987,,,185.07600000000193,185.12459999999973,267,1243.8
2026-02-26T19:48:00-05:00,184.86,184.99,184.86,184.95,,,,,,,,,184.91381624520807,0,0,186.79999999999987,,,185.07400000000194,185.1243499999997,1231,1274.5
2026-02-26T19:49:00-05:00,184.95,185.04,184.95,185.04,,,,,,,,,184.93905299616645,0,0,186.79999999999987,,,185.0726000000019,185.12449999999973,1273,1282.95
2026-02-26T19:50:00-05:00,185.03,185.03,184.99,184.99,,,,,,,,,184.94924239693316,0,0,186.79999999999987,,,185.07000000000193,185.1242499999997,526,1285.2
2026-02-26T19:51:00-05:00,184.98,185.05,184.96,185.03,,,,,,,,,184.96539391754652,0,0,186.79999999999987,,,185.06880000000194,185.1238999999997,1702,1329.6
2026-02-26T19:52:00-05:00,185.04,185.05,185.04,185.05,,,,,,,,,184.9823151340372,0,0,186.79999999999987,,,185.06720000000195,185.1238499999997,1628,1407.5
2026-02-26T19:53:00-05:00,185.05,185.05,185.03,185.03,,,,,,,,,184.99185210722976,0,0,186.79999999999987,,,185.06540000000197,185.12379999999968,3173,1428.25
2026-02-26T19:54:00-05:00,185.02,185.02,185.01,185.01,,,,,,,,,184.9954816857838,0,0,186.79999999999987,,,185.06460000000195,185.12359999999973,71,1359.35
2026-02-26T19:55:00-05:00,185.01,185.03,185.01,185.02,,,,,,,,,185.00038534862705,0,0,186.79999999999987,,,185.06220000000195,185.1234999999997,1080,1391.75
2026-02-26T19:56:00-05:00,185.01,185.02,185,185.02,,,,,,,,,185.00430827890165,0,0,186.79999999999987,,,185.06000000000193,185.12364999999969,853,1430.9
2026-02-26T19:57:00-05:00,185.03,185.04,185.02,185.03,,,,,,,,,185.0094466231213,0,0,186.79999999999987,,,185.05840000000194,185.1235499999997,1190,1316.45
2026-02-26T19:58:00-05:00,185.02,185.02,184.9,184.9,,,,,,,,,184.98755729849705,0,0,186.79999999999987,,,185.05380000000193,185.12304999999972,461,1327.1
2026-02-26T19:59:00-05:00,184.96,184.97,184.95,184.96,,,,,,,,,184.98204583879763,,,186.79999999999987,,,185.05020000000198,185.1227499999997,23,1205.9