time,open,high,low,close,PM High,PM Low,Yest High,Yest Low,Week High,Week Low,ORB High,ORB Low,9 EMA,Short Entry,Long Entry,PM High (continuous),PM Low (continuous),MA,MA,Daily High,Daily Low,Volume
2026-02-25T15:50:00-05:00,80.59,80.885,80.53,80.885,,,,,,,,,80.78815178066144,0,0,82.43,81.1,81.73229999999991,82.22166499999929,79.9399,77.94,68371
2026-02-25T15:51:00-05:00,80.87,80.94,80.84,80.86,,,,,,,,,80.80252142452915,0,0,82.43,81.1,81.6995999999999,82.21506499999929,79.9399,77.94,37518
2026-02-25T15:52:00-05:00,80.86,80.865,80.645,80.73,,,,,,,,,80.78801713962332,0,0,82.43,81.1,81.6663999999999,82.20798999999928,79.9399,77.94,41172
2026-02-25T15:53:00-05:00,80.74,80.92,80.74,80.855,,,,,,,,,80.80141371169866,0,0,82.43,81.1,81.6370999999999,82.2012649999993,79.9399,77.94,40253
2026-02-25T15:54:00-05:00,80.85,80.85,80.65,80.7,,,,,,,,,80.78113096935893,0,0,82.43,81.1,81.60089999999991,82.1939149999993,79.9399,77.94,74872
2026-02-25T15:55:00-05:00,80.7,80.79,80.64,80.74,,,,,,,,,80.77290477548713,0,0,82.43,81.1,81.56489999999991,82.18691499999927,79.9399,77.94,125475
2026-02-25T15:56:00-05:00,80.73,80.76,80.65,80.68,,,,,,,,,80.75432382038971,0,0,82.43,81.1,81.5270999999999,82.17938999999929,79.9399,77.94,40684
2026-02-25T15:57:00-05:00,80.66,80.71,80.5,80.52,,,,,,,,,80.70745905631178,0,0,82.43,81.1,81.48649999999992,82.17093999999928,79.9399,77.94,67023
2026-02-25T15:58:00-05:00,80.52,80.54,79.9,79.93,,,,,,,,,80.55196724504943,0,0,82.43,81.1,81.43389999999991,82.15963999999929,79.9399,77.94,243501
2026-02-25T15:59:00-05:00,79.935,80.115,79.88,80.08,,,,,,,,,80.45757379603954,0,0,82.43,81.1,81.38459999999992,82.14903999999929,79.9399,77.94,122213
2026-02-25T16:00:00-05:00,80.05,80.16,80,80.16,,,,,,,,,80.39805903683163,0,0,,,81.33639999999991,82.13846499999929,79.9399,77.94,6527
2026-02-25T16:01:00-05:00,80.19,80.2,79.96,80,,,,,,,,,80.3184472294653,0,0,,,81.28419999999991,82.12696499999929,79.9399,77.94,3788
2026-02-25T16:02:00-05:00,80.06,80.27,80,80.24,,,,,,,,,80.30275778357225,0,0,,,81.23869999999991,82.11698999999929,79.9399,77.94,4287
2026-02-25T16:03:00-05:00,80.21,80.35,80.21,80.34,,,,,,,,,80.3102062268578,0,0,,,81.1961999999999,82.10738999999928,79.9399,77.94,9123
2026-02-25T16:04:00-05:00,80.4,80.4,80.26,80.28,,,,,,,,,80.30416498148624,0,0,,,81.1549999999999,82.09781499999929,79.9399,77.94,4833
2026-02-25T16:05:00-05:00,80.29,80.43,80.25,80.43,,,,,,,,,80.32933198518899,0,0,,,81.1169999999999,82.0891649999993,79.9399,77.94,1607
2026-02-25T16:06:00-05:00,80.41,80.41,80.28,80.28,,,,,,,,,80.31946558815119,0,0,,,81.07949999999991,82.0793899999993,79.9399,77.94,1674
2026-02-25T16:07:00-05:00,80.34,80.37,80.32,80.37,,,,,,,,,80.32957247052096,0,0,,,81.04269999999991,82.0696399999993,79.9399,77.94,1042
2026-02-25T16:08:00-05:00,80.43,80.45,80.39,80.39,,,,,,,,,80.34165797641677,0,0,,,81.0066999999999,82.0600399999993,79.9399,77.94,570
2026-02-25T16:09:00-05:00,80.39,80.48,80.37,80.48,,,,,,,,,80.36932638113342,0,0,,,80.9732999999999,82.0508399999993,79.9399,77.94,1691
2026-02-25T16:10:00-05:00,80.46,80.49,80.45,80.49,,,,,,,,,80.39346110490673,0,0,,,80.94229999999989,82.04183999999928,79.9399,77.94,2220
2026-02-25T16:11:00-05:00,80.49,80.54,80.39,80.4,,,,,,,,,80.3947688839254,0,0,,,80.9100999999999,82.03178999999929,79.9399,77.94,6086
2026-02-25T16:12:00-05:00,80.39,80.68,80.39,80.64,,,,,,,,,80.44381510714031,0,0,,,80.8824999999999,82.02296499999929,79.9399,77.94,10954
2026-02-25T16:13:00-05:00,80.63,80.68,80.56,80.66,,,,,,,,,80.48705208571225,0,0,,,80.85469999999991,82.01406499999928,79.9399,77.94,8585
2026-02-25T16:14:00-05:00,80.65,80.65,80.46,80.46,,,,,,,,,80.4816416685698,0,0,,,80.8224999999999,82.00446499999929,79.9399,77.94,1829
2026-02-25T16:15:00-05:00,80.45,80.45,80.44,80.44,,,,,,,,,80.47331333485583,0,0,,,80.7892999999999,81.99403999999927,79.9399,77.94,119
2026-02-25T16:16:00-05:00,80.43,80.64,80.43,80.64,,,,,,,,,80.50665066788467,0,0,,,80.7636999999999,81.98508999999927,79.9399,77.94,1836
2026-02-25T16:17:00-05:00,80.65,80.74,80.64,80.67,,,,,,,,,80.53932053430773,0,0,,,80.7458999999999,81.97678999999927,79.9399,77.94,13633
2026-02-25T16:18:00-05:00,80.71,80.71,80.56,80.57,,,,,,,,,80.54545642744618,0,0,,,80.7266999999999,81.96759499999928,79.9399,77.94,1837
2026-02-25T16:19:00-05:00,80.6,80.62,80.6,80.6,,,,,,,,,80.55636514195695,0,0,,,80.7106999999999,81.95849499999927,79.9399,77.94,41
2026-02-25T16:20:00-05:00,80.62,80.69,80.62,80.69,,,,,,,,,80.58309211356556,0,0,,,80.69979999999991,81.94979499999928,79.9399,77.94,891
2026-02-25T16:21:00-05:00,80.66,80.77,80.66,80.76,,,,,,,,,80.61847369085244,0,0,,,80.6895999999999,81.94154499999928,79.9399,77.94,3005
2026-02-25T16:22:00-05:00,80.73,80.73,80.72,80.72,,,,,,,,,80.63877895268195,0,0,,,80.67779999999989,81.93309499999928,79.9399,77.94,1266
2026-02-25T16:23:00-05:00,80.73,80.74,80.73,80.74,,,,,,,,,80.65902316214556,0,0,,,80.6639999999999,81.92479499999928,79.9399,77.94,257
2026-02-25T16:24:00-05:00,80.74,80.77,80.74,80.75,,,,,,,,,80.67721852971644,0,0,,,80.65219999999991,81.9164449999993,79.9399,77.94,5387
2026-02-25T16:25:00-05:00,80.75,80.75,80.74,80.74,,,,,,,,,80.68977482377315,0,0,,,80.6417999999999,81.90809499999929,79.9399,77.94,530
2026-02-25T16:26:00-05:00,80.77,80.8,80.77,80.78,,,,,,,,,80.70781985901851,0,0,,,80.6325999999999,81.89989999999929,79.9399,77.94,6839
2026-02-25T16:27:00-05:00,80.8,80.82,80.78,80.78,,,,,,,,,80.72225588721481,0,0,,,80.62389999999989,81.8918249999993,79.9399,77.94,9675
2026-02-25T16:28:00-05:00,80.78,80.78,80.77,80.77,,,,,,,,,80.73180470977185,0,0,,,80.6150999999999,81.8836749999993,79.9399,77.94,425
2026-02-25T16:29:00-05:00,80.79,80.79,80.75,80.75,,,,,,,,,80.73544376781749,0,0,,,80.6064999999999,81.87539999999929,79.9399,77.94,78
2026-02-25T16:30:00-05:00,80.78,80.78,80.7,80.72,,,,,,,,,80.73235501425398,0,0,,,80.59769999999989,81.8669999999993,79.9399,77.94,2743
2026-02-25T16:31:00-05:00,80.8,80.85,80.78,80.78,,,,,,,,,80.74188401140319,0,0,,,80.5911999999999,81.8589049999993,79.9399,77.94,1115
2026-02-25T16:32:00-05:00,80.75,80.79,80.74,80.79,,,,,,,,,80.75150720912255,0,0,,,80.5865999999999,81.85090499999929,79.9399,77.94,1087
2026-02-25T16:33:00-05:00,80.8,80.83,80.8,80.83,,,,,,,,,80.76720576729804,0,0,,,80.58179999999989,81.8431499999993,79.9399,77.94,1412
2026-02-25T16:34:00-05:00,80.82,80.84,80.82,80.84,,,,,,,,,80.78176461383843,0,0,,,80.5759999999999,81.8353499999993,79.9399,77.94,6176
2026-02-25T16:35:00-05:00,80.83,81.02,80.83,81.02,,,,,,,,,80.82941169107075,0,0,,,80.5820999999999,81.8281999999993,79.9399,77.94,2150
2026-02-25T16:36:00-05:00,81,81,80.93,80.95,,,,,,,,,80.8535293528566,0,0,,,80.5926999999999,81.8207549999993,79.9399,77.94,2523
2026-02-25T16:37:00-05:00,81,81.03,80.99,81.03,,,,,,,,,80.88882348228528,0,0,,,80.6039999999999,81.8136549999993,79.9399,77.94,622
2026-02-25T16:38:00-05:00,81.01,81.08,80.99,81,,,,,,,,,80.91105878582822,0,0,,,80.6109999999999,81.8063049999993,79.9399,77.94,3183
2026-02-25T16:39:00-05:00,81.02,81.06,81.02,81.06,,,,,,,,,80.94084702866257,0,0,,,80.6203999999999,81.79950499999929,79.9399,77.94,161
2026-02-25T16:40:00-05:00,81.04,81.11,81,81.1,,,,,,,,,80.97267762293006,0,0,,,80.6246999999999,81.7925799999993,79.9399,77.94,1698
2026-02-25T16:41:00-05:00,81.1,81.15,81.06,81.14,,,,,,,,,81.00614209834406,0,0,,,80.63029999999989,81.7856549999993,79.9399,77.94,3952
2026-02-25T16:42:00-05:00,81.13,81.15,81.09,81.09,,,,,,,,,81.02291367867525,0,0,,,80.6374999999999,81.7782799999993,79.9399,77.94,2980
2026-02-25T16:43:00-05:00,81.13,81.17,81.13,81.17,,,,,,,,,81.0523309429402,0,0,,,80.6437999999999,81.7713549999993,79.9399,77.94,1845
2026-02-25T16:44:00-05:00,81.14,81.18,81.14,81.18,,,,,,,,,81.07786475435216,0,0,,,80.6533999999999,81.7649549999993,79.9399,77.94,883
2026-02-25T16:45:00-05:00,81.17,81.18,81.11,81.11,,,,,,,,,81.08429180348173,0,0,,,80.66079999999991,81.7581999999993,79.9399,77.94,3206
2026-02-25T16:46:00-05:00,81.11,81.11,81.06,81.06,,,,,,,,,81.07943344278539,0,0,,,80.6683999999999,81.75082499999931,79.9399,77.94,1337
2026-02-25T16:47:00-05:00,81.07,81.09,81.03,81.05,,,,,,,,,81.0735467542283,0,0,,,80.67899999999992,81.74347499999931,79.9399,77.94,1496
2026-02-25T16:48:00-05:00,81.01,81.03,80.98,81.02,,,,,,,,,81.06283740338264,0,0,,,80.70079999999992,81.73582499999931,79.9399,77.94,1310
2026-02-25T16:50:00-05:00,80.97,80.97,80.89,80.91,,,,,,,,,81.03226992270612,0,0,,,80.71739999999991,81.7275749999993,79.9399,77.94,529
2026-02-25T16:51:00-05:00,80.93,80.98,80.91,80.98,,,,,,,,,81.02181593816489,0,0,,,80.73379999999992,81.7197749999993,79.9399,77.94,7089
2026-02-25T16:52:00-05:00,80.95,80.98,80.95,80.97,,,,,,,,,81.01145275053192,0,0,,,80.75319999999991,81.71187999999931,79.9399,77.94,1897
2026-02-25T16:53:00-05:00,80.91,80.93,80.85,80.85,,,,,,,,,80.97916220042553,0,0,,,80.76539999999991,81.7035299999993,79.9399,77.94,758
2026-02-25T16:54:00-05:00,80.83,80.83,80.68,80.68,,,,,,,,,80.91932976034043,0,0,,,80.77219999999991,81.6942049999993,79.9399,77.94,1178
2026-02-25T16:55:00-05:00,80.7,80.77,80.7,80.77,,,,,,,,,80.88946380827234,0,0,,,80.78199999999991,81.6852549999993,79.9399,77.94,3408
2026-02-25T16:56:00-05:00,80.71,80.81,80.71,80.81,,,,,,,,,80.87357104661787,0,0,,,80.78959999999991,81.67650499999931,79.9399,77.94,338
2026-02-25T16:57:00-05:00,80.84,80.9,80.84,80.89,,,,,,,,,80.8768568372943,0,0,,,80.80179999999991,81.6681599999993,79.9399,77.94,141
2026-02-25T16:58:00-05:00,80.86,80.86,80.79,80.79,,,,,,,,,80.85948546983543,0,0,,,80.81019999999991,81.65928499999931,79.9399,77.94,154
2026-02-25T16:59:00-05:00,80.8,80.83,80.78,80.82,,,,,,,,,80.85158837586835,0,0,,,80.81879999999991,81.6506599999993,79.9399,77.94,628
2026-02-25T17:00:00-05:00,80.78,80.78,80.76,80.76,,,,,,,,,80.83327070069468,0,0,,,80.82439999999991,81.6416599999993,79.9399,77.94,37
2026-02-25T17:01:00-05:00,80.72,80.72,80.71,80.71,,,,,,,,,80.80861656055575,0,0,,,80.82879999999992,81.6321599999993,79.9399,77.94,905
2026-02-25T17:02:00-05:00,80.7,80.7,80.69,80.7,,,,,,,,,80.7868932484446,0,0,,,80.83479999999992,81.6227599999993,79.9399,77.94,527
2026-02-25T17:03:00-05:00,80.7,80.74,80.7,80.74,,,,,,,,,80.77751459875567,0,0,,,80.83679999999991,81.61365999999931,79.9399,77.94,16
2026-02-25T17:04:00-05:00,80.75,80.83,80.75,80.83,,,,,,,,,80.78801167900454,0,0,,,80.84019999999991,81.6050049999993,79.9399,77.94,213
2026-02-25T17:05:00-05:00,80.87,80.9,80.75,80.75,,,,,,,,,80.78040934320363,0,0,,,80.84599999999992,81.5958549999993,79.9399,77.94,483
2026-02-25T17:06:00-05:00,80.8,80.84,80.79,80.84,,,,,,,,,80.79232747456291,0,0,,,80.85399999999991,81.5872299999993,79.9399,77.94,237
2026-02-25T17:08:00-05:00,80.85,80.85,80.82,80.85,,,,,,,,,80.80386197965032,0,0,,,80.85819999999991,81.57862999999931,79.9399,77.94,597
2026-02-25T17:10:00-05:00,80.82,80.82,80.8,80.81,,,,,,,,,80.80508958372026,0,0,,,80.86099999999992,81.5700799999993,79.9399,77.94,15
2026-02-25T17:12:00-05:00,80.74,80.75,80.74,80.74,,,,,,,,,80.79207166697621,0,0,,,80.86439999999992,81.5617299999993,79.9399,77.94,77
2026-02-25T17:14:00-05:00,80.76,80.76,80.75,80.75,,,,,,,,,80.78365733358098,0,0,,,80.86739999999992,81.55372999999929,79.9399,77.94,83
2026-02-25T17:15:00-05:00,80.78,80.78,80.76,80.76,,,,,,,,,80.77892586686478,0,0,,,80.86879999999992,81.5455299999993,79.9399,77.94,27
2026-02-25T17:16:00-05:00,80.76,80.77,80.76,80.77,,,,,,,,,80.77714069349183,0,0,,,80.86899999999993,81.53747999999929,79.9399,77.94,48
2026-02-25T17:17:00-05:00,80.78,80.78,80.78,80.78,,,,,,,,,80.77771255479347,0,0,,,80.87019999999993,81.52937999999929,79.9399,77.94,27
2026-02-25T17:18:00-05:00,80.79,80.8,80.79,80.8,,,,,,,,,80.78217004383477,0,0,,,80.87139999999992,81.5217799999993,79.9399,77.94,43
2026-02-25T17:19:00-05:00,80.82,80.82,80.82,80.82,,,,,,,,,80.78973603506782,0,0,,,80.87279999999993,81.5139799999993,79.9399,77.94,52
2026-02-25T17:20:00-05:00,80.81,80.82,80.81,80.82,,,,,,,,,80.79578882805426,0,0,,,80.87439999999992,81.5060299999993,79.9399,77.94,86
2026-02-25T17:21:00-05:00,80.82,80.82,80.82,80.82,,,,,,,,,80.8006310624434,0,0,,,80.87519999999992,81.4987799999993,79.9399,77.94,10
2026-02-25T17:22:00-05:00,80.81,80.81,80.81,80.81,,,,,,,,,80.80250484995472,0,0,,,80.87579999999991,81.4921299999993,79.9399,77.94,33
2026-02-25T17:23:00-05:00,80.8,80.8,80.8,80.8,,,,,,,,,80.80200387996378,0,0,,,80.87639999999992,81.4855799999993,79.9399,77.94,12
2026-02-25T17:25:00-05:00,80.79,80.79,80.79,80.79,,,,,,,,,80.79960310397102,0,0,,,80.87719999999992,81.4790299999993,79.9399,77.94,5
2026-02-25T17:27:00-05:00,80.78,80.78,80.78,80.78,,,,,,,,,80.79568248317682,0,0,,,80.87839999999991,81.4718299999993,79.9399,77.94,12
2026-02-25T17:28:00-05:00,80.76,80.76,80.76,80.76,,,,,,,,,80.78854598654145,0,0,,,80.87799999999991,81.4644549999993,79.9399,77.94,20
2026-02-25T17:29:00-05:00,80.76,80.76,80.76,80.76,,,,,,,,,80.78283678923316,0,0,,,80.87739999999991,81.45672999999931,79.9399,77.94,8
2026-02-25T17:30:00-05:00,80.76,80.76,80.76,80.76,,,,,,,,,80.77826943138653,0,0,,,80.87599999999992,81.4492799999993,79.9399,77.94,2
2026-02-25T17:31:00-05:00,80.75,80.77,80.75,80.77,,,,,,,,,80.77661554510922,0,0,,,80.87459999999992,81.44192999999932,79.9399,77.94,107
2026-02-25T17:32:00-05:00,80.76,80.76,80.76,80.76,,,,,,,,,80.77329243608737,0,0,,,80.8693999999999,81.43477999999931,79.9399,77.94,1
2026-02-25T17:33:00-05:00,80.76,80.77,80.76,80.77,,,,,,,,,80.7726339488699,0,0,,,80.86579999999991,81.42717999999931,79.9399,77.94,2
2026-02-25T17:35:00-05:00,80.78,80.78,80.78,80.78,,,,,,,,,80.77410715909592,0,0,,,80.86079999999991,81.41917999999932,79.9399,77.94,25
2026-02-25T17:37:00-05:00,80.8,80.8,80.78,80.78,,,,,,,,,80.77528572727674,0,0,,,80.85639999999991,81.41132999999931,79.9399,77.94,117
2026-02-25T17:39:00-05:00,80.77,80.77,80.77,80.77,,,,,,,,,80.77422858182139,0,0,,,80.85059999999991,81.40392999999932,79.9399,77.94,16
2026-02-25T17:40:00-05:00,80.78,80.78,80.76,80.76,,,,,,,,,80.77138286545711,0,0,,,80.84379999999992,81.39662999999932,79.9399,77.94,63
2026-02-25T17:42:00-05:00,80.76,80.76,80.76,80.76,,,,,,,,,80.76910629236569,0,0,,,80.83619999999992,81.38937999999932,79.9399,77.94,80
2026-02-25T17:44:00-05:00,80.75,80.75,80.7,80.7,,,,,,,,,80.75528503389255,0,0,,,80.82839999999992,81.38142999999931,79.9399,77.94,3979
2026-02-25T17:45:00-05:00,80.7,80.7,80.69,80.69,,,,,,,,,80.74222802711404,0,0,,,80.81879999999991,81.37342999999933,79.9399,77.94,2121
2026-02-25T17:47:00-05:00,80.72,80.72,80.72,80.72,,,,,,,,,80.73778242169124,0,0,,,80.8095999999999,81.36522999999931,79.9399,77.94,201
2026-02-25T17:49:00-05:00,80.72,80.72,80.72,80.72,,,,,,,,,80.73422593735299,0,0,,,80.8017999999999,81.35722999999932,79.9399,77.94,1
2026-02-25T17:50:00-05:00,80.73,80.73,80.72,80.72,,,,,,,,,80.73138074988239,0,0,,,80.7949999999999,81.34947499999932,79.9399,77.94,34
2026-02-25T17:52:00-05:00,80.71,80.71,80.71,80.71,,,,,,,,,80.72710459990591,0,0,,,80.7881999999999,81.34167499999931,79.9399,77.94,543
2026-02-25T17:53:00-05:00,80.71,80.71,80.71,80.71,,,,,,,,,80.72368367992473,0,0,,,80.78199999999991,81.33384999999932,79.9399,77.94,833
2026-02-25T17:54:00-05:00,80.7,80.7,80.7,80.7,,,,,,,,,80.71894694393978,0,0,,,80.7777999999999,81.32604999999931,79.9399,77.94,7
2026-02-25T17:55:00-05:00,80.7,80.71,80.7,80.71,,,,,,,,,80.71715755515183,0,0,,,80.77239999999989,81.31824999999932,79.9399,77.94,108
2026-02-25T17:56:00-05:00,80.72,80.75,80.72,80.75,,,,,,,,,80.72372604412146,0,0,,,80.7679999999999,81.31074999999932,79.9399,77.94,27
2026-02-25T17:57:00-05:00,80.74,80.74,80.72,80.72,,,,,,,,,80.72298083529716,0,0,,,80.7653999999999,81.30289999999933,79.9399,77.94,2
2026-02-25T17:58:00-05:00,80.73,80.73,80.73,80.73,,,,,,,,,80.72438466823773,0,0,,,80.7663999999999,81.29537499999932,79.9399,77.94,48
2026-02-25T17:59:00-05:00,80.74,80.75,80.74,80.75,,,,,,,,,80.72950773459019,0,0,,,80.7659999999999,81.28777499999931,79.9399,77.94,92
2026-02-25T18:00:00-05:00,80.7,80.74,80.55,80.74,,,,,,,,,80.73160618767214,0,0,,,80.7645999999999,81.28007499999933,79.9399,77.94,856
2026-02-25T18:01:00-05:00,80.63,80.75,80.61,80.75,,,,,,,,,80.73528495013771,0,0,,,80.7617999999999,81.27252499999933,79.9399,77.94,695
2026-02-25T18:02:00-05:00,80.79,81,80.79,81,,,,,,,,,80.78822796011016,0,0,,,80.7659999999999,81.26542499999933,79.9399,77.94,3748
2026-02-25T18:03:00-05:00,81.03,81.15,80.95,80.95,,,,,,,,,80.82058236808813,0,0,,,80.7685999999999,81.25797499999933,79.9399,77.94,1137
2026-02-25T18:04:00-05:00,80.92,80.92,80.8,80.87,,,,,,,,,80.8304658944705,0,0,,,80.77079999999991,81.25017499999933,79.9399,77.94,3021
2026-02-25T18:05:00-05:00,80.8,81,80.8,81,,,,,,,,,80.86437271557641,0,0,,,80.7765999999999,81.24297499999933,79.9399,77.94,265
2026-02-25T18:06:00-05:00,81,81.05,81,81.05,,,,,,,,,80.90149817246113,0,0,,,80.7835999999999,81.23677499999934,79.9399,77.94,1002
2026-02-25T18:07:00-05:00,81.07,81.1,81.02,81.08,,,,,,,,,80.93719853796891,0,0,,,80.79039999999989,81.23059999999933,79.9399,77.94,5082
2026-02-25T18:08:00-05:00,81.08,81.1,81.08,81.1,,,,,,,,,80.96975883037513,0,0,,,80.79579999999989,81.22459999999934,79.9399,77.94,1681
2026-02-25T18:09:00-05:00,81.1,81.1,81.1,81.1,,,,,,,,,80.9958070643001,0,0,,,80.80279999999989,81.21849999999932,79.9399,77.94,40
2026-02-25T18:10:00-05:00,81.08,81.08,81,81,,,,,,,,,80.99664565144008,0,0,,,80.8059999999999,81.21159999999934,79.9399,77.94,220
2026-02-25T18:11:00-05:00,80.99,80.99,80.99,80.99,,,,,,,,,80.99531652115206,0,0,,,80.80879999999989,81.20464999999933,79.9399,77.94,10
2026-02-25T18:12:00-05:00,80.9,80.9,80.9,80.9,,,,,,,,,80.97625321692165,0,0,,,80.8105999999999,81.19729999999933,79.9399,77.94,632
2026-02-25T18:13:00-05:00,80.9,80.9,80.83,80.83,,,,,,,,,80.94700257353732,0,0,,,80.8123999999999,81.18979999999934,79.9399,77.94,2251
2026-02-25T18:14:00-05:00,80.8,80.8,80.59,80.59,,,,,,,,,80.87560205882986,0,0,,,80.80919999999989,81.18124999999932,79.9399,77.94,2910
2026-02-25T18:15:00-05:00,80.71,80.71,80.71,80.71,,,,,,,,,80.84248164706388,0,0,,,80.8081999999999,81.17324999999933,79.9399,77.94,237
2026-02-25T18:16:00-05:00,80.66,80.66,80.55,80.55,,,,,,,,,80.7839853176511,0,0,,,80.8037999999999,81.16400499999932,79.9399,77.94,2882
2026-02-25T18:17:00-05:00,80.57,80.72,80.57,80.72,,,,,,,,,80.77118825412089,0,0,,,80.8025999999999,81.15595499999932,79.9399,77.94,1100
2026-02-25T18:18:00-05:00,80.74,80.81,80.74,80.81,,,,,,,,,80.7789506032967,0,0,,,80.80279999999989,81.14817999999933,79.9399,77.94,8
2026-02-25T18:19:00-05:00,80.71,80.72,80.7,80.72,,,,,,,,,80.76716048263737,0,0,,,80.8007999999999,81.13967499999933,79.9399,77.94,2912
2026-02-25T18:20:00-05:00,80.83,80.92,80.83,80.9,,,,,,,,,80.79372838610989,0,0,,,80.80239999999989,81.13172499999932,79.9399,77.94,3762
2026-02-25T18:21:00-05:00,80.9,80.9,80.89,80.89,,,,,,,,,80.81298270888792,0,0,,,80.80379999999988,81.12427499999932,79.9399,77.94,101
2026-02-25T18:22:00-05:00,80.89,80.89,80.89,80.89,,,,,,,,,80.82838616711034,0,0,,,80.80539999999989,81.11652499999931,79.9399,77.94,13
2026-02-25T18:23:00-05:00,80.85,80.9,80.76,80.76,,,,,,,,,80.81470893368827,0,0,,,80.8045999999999,81.10812499999932,79.9399,77.94,4069
2026-02-25T18:24:00-05:00,80.75,80.79,80.75,80.79,,,,,,,,,80.80976714695062,0,0,,,80.8045999999999,81.09977499999931,79.9399,77.94,721
2026-02-25T18:25:00-05:00,80.76,80.76,80.68,80.68,,,,,,,,,80.78381371756049,0,0,,,80.8025999999999,81.09117499999932,79.9399,77.94,1852
2026-02-25T18:26:00-05:00,80.69,80.76,80.63,80.76,,,,,,,,,80.77905097404839,0,0,,,80.8025999999999,81.08227499999931,79.9399,77.94,1553
2026-02-25T18:27:00-05:00,80.76,80.81,80.75,80.8,,,,,,,,,80.78324077923871,0,0,,,80.8033999999999,81.07392499999932,79.9399,77.94,8325
2026-02-25T18:28:00-05:00,80.74,80.74,80.74,80.74,,,,,,,,,80.77459262339097,0,0,,,80.8029999999999,81.06474999999931,79.9399,77.94,300
2026-02-25T18:29:00-05:00,80.75,80.75,80.75,80.75,,,,,,,,,80.76967409871278,0,0,,,80.8025999999999,81.05604999999932,79.9399,77.94,1
2026-02-25T18:30:00-05:00,80.71,80.71,80.7,80.7,,,,,,,,,80.75573927897022,0,0,,,80.80139999999989,81.04649999999931,79.9399,77.94,1416
2026-02-25T18:31:00-05:00,80.68,80.69,80.64,80.64,,,,,,,,,80.73259142317617,0,0,,,80.7987999999999,81.03619999999931,79.9399,77.94,5170
2026-02-25T18:32:00-05:00,80.65,80.65,80.61,80.64,,,,,,,,,80.71407313854094,0,0,,,80.7959999999999,81.0258999999993,79.9399,77.94,31
2026-02-25T18:33:00-05:00,80.64,80.67,80.62,80.65,,,,,,,,,80.70125851083276,0,0,,,80.7933999999999,81.01599999999931,79.9399,77.94,1715
2026-02-25T18:35:00-05:00,80.69,80.7,80.69,80.7,,,,,,,,,80.70100680866621,0,0,,,80.7919999999999,81.00674999999929,79.9399,77.94,175
2026-02-25T18:36:00-05:00,80.67,80.67,80.62,80.65,,,,,,,,,80.69080544693297,0,0,,,80.7897999999999,80.9976499999993,79.9399,77.94,214
2026-02-25T18:37:00-05:00,80.71,80.71,80.58,80.58,,,,,,,,,80.66864435754637,0,0,,,80.7861999999999,80.98807499999931,79.9399,77.94,67
2026-02-25T18:38:00-05:00,80.56,80.56,80.41,80.44,,,,,,,,,80.6229154860371,0,0,,,80.78099999999989,80.9783249999993,79.9399,77.94,5162
2026-02-25T18:39:00-05:00,80.44,80.7,80.43,80.7,,,,,,,,,80.63833238882968,0,0,,,80.7811999999999,80.9702249999993,79.9399,77.94,2262
2026-02-25T18:40:00-05:00,80.7,80.7,80.64,80.64,,,,,,,,,80.63866591106374,0,0,,,80.7795999999999,80.96087499999932,79.9399,77.94,1205
2026-02-25T18:42:00-05:00,80.66,80.66,80.58,80.58,,,,,,,,,80.62693272885099,0,0,,,80.77679999999991,80.9510749999993,79.9399,77.94,325
2026-02-25T18:43:00-05:00,80.59,80.59,80.52,80.55,,,,,,,,,80.61154618308079,0,0,,,80.7733999999999,80.94097499999931,79.9399,77.94,277
2026-02-25T18:44:00-05:00,80.6,80.62,80.6,80.61,,,,,,,,,80.61123694646463,0,0,,,80.7713999999999,80.93127499999932,79.9399,77.94,72
2026-02-25T18:45:00-05:00,80.7,80.77,80.7,80.77,,,,,,,,,80.6429895571717,0,0,,,80.7725999999999,80.92232499999932,79.9399,77.94,1463
2026-02-25T18:46:00-05:00,80.7,80.75,80.7,80.75,,,,,,,,,80.66439164573737,0,0,,,80.7735999999999,80.91334999999931,79.9399,77.94,97
2026-02-25T18:47:00-05:00,80.72,80.72,80.58,80.58,,,,,,,,,80.6475133165899,0,0,,,80.7709999999999,80.90339999999931,79.9399,77.94,1347
2026-02-25T18:48:00-05:00,80.51,80.51,80.23,80.42,,,,,,,,,80.60201065327192,0,0,,,80.76439999999991,80.89244999999931,79.9399,77.94,9664
2026-02-25T18:49:00-05:00,80.3,80.34,80.28,80.28,,,,,,,,,80.53760852261753,0,0,,,80.7555999999999,80.88127499999932,79.9399,77.94,391
2026-02-25T18:50:00-05:00,80.3,80.36,80.22,80.22,,,,,,,,,80.47408681809402,0,0,,,80.7453999999999,80.87004999999931,79.9399,77.94,1478
2026-02-25T18:51:00-05:00,80.24,80.25,80.24,80.25,,,,,,,,,80.42926945447522,0,0,,,80.7353999999999,80.8595999999993,79.9399,77.94,115
2026-02-25T18:52:00-05:00,80.28,80.31,80.28,80.31,,,,,,,,,80.40541556358018,0,0,,,80.7267999999999,80.84949999999931,79.9399,77.94,41
2026-02-25T18:53:00-05:00,80.34,80.34,79.54,79.58,,,,,,,,,80.24033245086414,0,0,,,80.7033999999999,80.8366249999993,79.9399,77.94,28917
2026-02-25T18:54:00-05:00,79.66,79.9,79.66,79.89,,,,,,,,,80.17026596069131,0,0,,,80.6811999999999,80.8250249999993,79.9399,77.94,14123
2026-02-25T18:55:00-05:00,79.94,79.94,79.67,79.74,,,,,,,,,80.08421276855304,0,0,,,80.6569999999999,80.8127749999993,79.9399,77.94,3025
2026-02-25T18:56:00-05:00,79.73,79.74,79.65,79.72,,,,,,,,,80.01137021484243,0,0,,,80.6339999999999,80.80062499999931,79.9399,77.94,2852
2026-02-25T18:57:00-05:00,79.65,79.66,79.52,79.55,,,,,,,,,79.91909617187395,0,0,,,80.60499999999989,80.78817499999931,79.9399,77.94,2709
2026-02-25T18:58:00-05:00,79.53,79.55,79.38,79.5,,,,,,,,,79.83527693749916,0,0,,,80.57399999999988,80.77562499999932,79.9399,77.94,8636
2026-02-25T18:59:00-05:00,79.5,79.5,79.01,79.26,,,,,,,,,79.72022154999932,0,0,,,80.53759999999988,80.76182499999932,79.9399,77.94,4502
2026-02-25T19:00:00-05:00,79.37,79.5,79.3,79.36,,,,,,,,,79.64817723999946,0,0,,,80.5027999999999,80.74837499999931,79.9399,77.94,1740
2026-02-25T19:01:00-05:00,79.37,79.69,79.37,79.69,,,,,,,,,79.65654179199956,0,0,,,80.47459999999988,80.73647499999932,79.9399,77.94,1828
2026-02-25T19:02:00-05:00,79.65,79.74,79.6,79.65,,,,,,,,,79.65523343359965,0,0,,,80.44759999999988,80.72422499999931,79.9399,77.94,1714
2026-02-25T19:03:00-05:00,79.77,79.85,79.77,79.8,,,,,,,,,79.68418674687972,0,0,,,80.42379999999989,80.71362499999931,79.9399,77.94,2180
2026-02-25T19:04:00-05:00,79.78,79.78,79.5,79.59,,,,,,,,,79.66534939750377,0,0,,,80.39759999999988,80.70377499999931,79.9399,77.94,3603
2026-02-25T19:05:00-05:00,79.65,79.65,79.59,79.59,,,,,,,,,79.65027951800302,0,0,,,80.37279999999988,80.69407499999932,79.9399,77.94,55
2026-02-25T19:06:00-05:00,79.74,79.76,79.74,79.74,,,,,,,,,79.66822361440241,0,0,,,80.35579999999989,80.68577499999931,79.9399,77.94,1165
2026-02-25T19:07:00-05:00,79.78,79.9,79.78,79.89,,,,,,,,,79.71257889152193,0,0,,,80.3393999999999,80.67904999999931,79.9399,77.94,3189
2026-02-25T19:08:00-05:00,79.87,79.91,79.85,79.86,,,,,,,,,79.74206311321754,0,0,,,80.3255999999999,80.6719999999993,79.9399,77.94,1097
2026-02-25T19:09:00-05:00,79.87,79.87,79.56,79.71,,,,,,,,,79.73565049057403,0,0,,,80.30539999999989,80.6639999999993,79.9399,77.94,7350
2026-02-25T19:10:00-05:00,79.74,79.8,79.66,79.66,,,,,,,,,79.72052039245922,0,0,,,80.28239999999988,80.65514999999931,79.9399,77.94,146
2026-02-25T19:11:00-05:00,79.76,79.76,79.69,79.69,,,,,,,,,79.71441631396738,0,0,,,80.26179999999988,80.6468999999993,79.9399,77.94,166
2026-02-25T19:12:00-05:00,79.7,79.7,79.61,79.65,,,,,,,,,79.7015330511739,0,0,,,80.23679999999989,80.63884999999931,79.9399,77.94,361
2026-02-25T19:13:00-05:00,79.71,79.71,79.71,79.71,,,,,,,,,79.70322644093912,0,0,,,80.21319999999989,80.63119999999931,79.9399,77.94,71
2026-02-25T19:14:00-05:00,79.88,79.88,79.8,79.85,,,,,,,,,79.7325811527513,0,0,,,80.19239999999988,80.6243749999993,79.9399,77.94,115
2026-02-25T19:15:00-05:00,79.85,79.91,79.85,79.91,,,,,,,,,79.76806492220103,0,0,,,80.17539999999987,80.61787499999932,79.9399,77.94,1236
2026-02-25T19:16:00-05:00,79.92,79.94,79.87,79.94,,,,,,,,,79.80245193776082,0,0,,,80.15839999999987,80.61167499999931,79.9399,77.94,1176
2026-02-25T19:17:00-05:00,79.99,80.09,79.99,80.09,,,,,,,,,79.85996155020865,0,0,,,80.14659999999986,80.6063249999993,79.9399,77.94,3866
2026-02-25T19:18:00-05:00,80.17,80.18,80.09,80.09,,,,,,,,,79.90596924016693,0,0,,,80.13319999999987,80.60124999999931,79.9399,77.94,3039
2026-02-25T19:19:00-05:00,80.16,80.25,79.86,79.86,,,,,,,,,79.89677539213353,0,0,,,80.11439999999988,80.5954499999993,79.9399,77.94,5237
2026-02-25T19:20:00-05:00,80.12,80.12,80.12,80.12,,,,,,,,,79.94142031370683,0,0,,,80.10199999999988,80.5906999999993,79.9399,77.94,100
2026-02-25T19:21:00-05:00,80.25,80.25,80.19,80.19,,,,,,,,,79.99113625096547,0,0,,,80.09079999999989,80.58599999999932,79.9399,77.94,460
2026-02-25T19:22:00-05:00,80.2,80.2,80.16,80.2,,,,,,,,,80.03290900077238,0,0,,,80.08079999999988,80.58342499999931,79.9399,77.94,1574
2026-02-25T19:23:00-05:00,80.29,80.43,80.25,80.25,,,,,,,,,80.0763272006179,0,0,,,80.07299999999988,80.58257499999931,79.9399,77.94,2648
2026-02-25T19:24:00-05:00,80.32,80.4,80.3,80.38,,,,,,,,,80.13706176049432,0,0,,,80.06779999999986,80.58214999999932,79.9399,77.94,2775
2026-02-25T19:25:00-05:00,80.4,80.5,80.32,80.39,,,,,,,,,80.18764940839546,0,0,,,80.06259999999988,80.58084999999932,79.9399,77.94,1444
2026-02-25T19:26:00-05:00,80.4,80.4,80.38,80.38,,,,,,,,,80.22611952671636,0,0,,,80.05619999999988,80.57979999999931,79.9399,77.94,230
2026-02-25T19:27:00-05:00,80.4,80.4,80.4,80.4,,,,,,,,,80.2608956213731,0,0,,,80.05119999999987,80.57737499999931,79.9399,77.94,16
2026-02-25T19:28:00-05:00,80.39,80.47,80.37,80.47,,,,,,,,,80.30271649709847,0,0,,,80.04899999999986,80.5754249999993,79.9399,77.94,1285
2026-02-25T19:29:00-05:00,80.49,80.54,80.49,80.54,,,,,,,,,80.35017319767879,0,0,,,80.05099999999987,80.57447499999931,79.9399,77.94,3004
2026-02-25T19:30:00-05:00,80.57,80.6,80.52,80.52,,,,,,,,,80.38413855814302,0,0,,,80.04739999999987,80.5727999999993,79.9399,77.94,955
2026-02-25T19:31:00-05:00,80.47,80.48,80.43,80.43,,,,,,,,,80.39331084651442,0,0,,,80.04319999999987,80.5714499999993,79.9399,77.94,552
2026-02-25T19:32:00-05:00,80.52,80.6,80.52,80.6,,,,,,,,,80.43464867721154,0,0,,,80.04359999999986,80.57074999999931,79.9399,77.94,217
2026-02-25T19:33:00-05:00,80.54,80.82,80.54,80.75,,,,,,,,,80.49771894176924,0,0,,,80.04759999999986,80.5710999999993,79.9399,77.94,1392
2026-02-25T19:34:00-05:00,80.63,80.64,80.61,80.64,,,,,,,,,80.5261751534154,0,0,,,80.04819999999987,80.57169999999931,79.9399,77.94,31
2026-02-25T19:35:00-05:00,80.63,80.63,80.6,80.6,,,,,,,,,80.54094012273231,0,0,,,80.04479999999987,80.57504999999931,79.9399,77.94,1440
2026-02-25T19:36:00-05:00,80.53,80.53,80.49,80.49,,,,,,,,,80.53075209818584,0,0,,,80.03959999999987,80.5770999999993,79.9399,77.94,235
2026-02-25T19:37:00-05:00,80.66,80.67,80.64,80.67,,,,,,,,,80.55860167854867,0,0,,,80.04139999999985,80.5796499999993,79.9399,77.94,1017
2026-02-25T19:38:00-05:00,80.65,80.66,80.65,80.66,,,,,,,,,80.57888134283894,0,0,,,80.04619999999986,80.58294999999931,79.9399,77.94,500
2026-02-25T19:39:00-05:00,80.61,80.8,80.61,80.74,,,,,,,,,80.61110507427115,0,0,,,80.05539999999986,80.58544999999931,79.9399,77.94,525
2026-02-25T19:40:00-05:00,80.72,80.76,80.6,80.71,,,,,,,,,80.63088405941691,0,0,,,80.06519999999986,80.58729999999932,79.9399,77.94,337
2026-02-25T19:41:00-05:00,80.67,80.67,80.67,80.67,,,,,,,,,80.63870724753353,0,0,,,80.07359999999986,80.58924999999931,79.9399,77.94,11
2026-02-25T19:42:00-05:00,80.7,80.75,80.7,80.73,,,,,,,,,80.65696579802683,0,0,,,80.08199999999987,80.5907499999993,79.9399,77.94,4402
2026-02-25T19:43:00-05:00,80.75,80.75,80.74,80.74,,,,,,,,,80.67357263842146,0,0,,,80.10519999999987,80.59304999999931,79.9399,77.94,939
2026-02-25T19:44:00-05:00,80.73,80.73,80.7,80.7,,,,,,,,,80.67885811073717,0,0,,,80.12139999999987,80.5946999999993,79.9399,77.94,2823
2026-02-25T19:45:00-05:00,80.69,80.72,80.63,80.72,,,,,,,,,80.68708648858973,0,0,,,80.14099999999986,80.5963499999993,79.9399,77.94,324
2026-02-25T19:46:00-05:00,80.72,80.74,80.72,80.74,,,,,,,,,80.69766919087178,0,0,,,80.16139999999986,80.5976499999993,79.9399,77.94,131
2026-02-25T19:47:00-05:00,80.67,80.71,80.67,80.71,,,,,,,,,80.70013535269742,0,0,,,80.18459999999986,80.59874999999931,79.9399,77.94,51
2026-02-25T19:48:00-05:00,80.7,80.7,80.69,80.69,,,,,,,,,80.69810828215793,0,0,,,80.20839999999986,80.6001999999993,79.9399,77.94,2102
2026-02-25T19:49:00-05:00,80.7,80.75,80.7,80.75,,,,,,,,,80.70848662572635,0,0,,,80.23819999999985,80.60074999999931,79.9399,77.94,110
2026-02-25T19:50:00-05:00,80.73,80.73,80.64,80.64,,,,,,,,,80.69478930058108,0,0,,,80.26379999999986,80.6006499999993,79.9399,77.94,350
2026-02-25T19:52:00-05:00,80.65,80.75,80.65,80.75,,,,,,,,,80.70583144046486,0,0,,,80.28499999999985,80.6020999999993,79.9399,77.94,1126
2026-02-25T19:55:00-05:00,80.75,80.84,80.75,80.81,,,,,,,,,80.7266651523719,0,0,,,80.30819999999986,80.6039499999993,79.9399,77.94,3651
2026-02-25T19:56:00-05:00,80.81,80.86,80.81,80.86,,,,,,,,,80.75333212189751,0,0,,,80.32939999999984,80.60504999999931,79.9399,77.94,111
2026-02-25T19:57:00-05:00,80.9,81,80.9,81,,,,,,,,,80.80266569751801,0,0,,,80.35759999999985,80.60669999999931,79.9399,77.94,866
2026-02-25T19:58:00-05:00,80.989,81,80.989,80.999,,,,,,,,,80.8419325580144,0,0,,,80.38577999999985,80.6088449999993,79.9399,77.94,710
2026-02-25T19:59:00-05:00,80.919,81,80.919,80.96,,,,,,,,,80.86554604641152,0,0,,,80.41017999999985,80.61064499999931,79.9399,77.94,389
2026-02-26T04:00:00-05:00,79.7,79.7,79.16,79.21,,,,,,,,,80.53443683712922,0,0,79.7,79.16,80.39657999999986,80.6032449999993,79.9399,77.94,6596
2026-02-26T04:01:00-05:00,79.22,79.29,79.16,79.17,,,,,,,,,80.26154946970338,0,0,79.7,79.16,80.38277999999985,80.59529499999931,79.9399,77.94,4565
2026-02-26T04:02:00-05:00,79.16,79.17,79.07,79.1,,,,,,,,,80.0292395757627,0,0,79.7,79.07,80.37057999999985,80.58719499999931,79.9399,77.94,3333
2026-02-26T04:03:00-05:00,79.14,79.14,79,79,,,,,,,,,79.82339166061016,0,0,79.7,79,80.35737999999986,80.57849499999931,79.9399,77.94,11559
2026-02-26T04:04:00-05:00,79.02,79.08,79,79,,,,,,,,,79.65871332848812,0,0,79.7,79,80.34357999999986,80.56974499999932,79.9399,77.94,3591
2026-02-26T04:05:00-05:00,79,79.05,78.95,79.02,,,,,,,,,79.5309706627905,0,0,79.7,78.95,80.33097999999985,80.56114499999931,79.9399,77.94,3083
2026-02-26T04:06:00-05:00,79.06,79.07,79.01,79.07,,,,,,,,,79.43877653023239,0,0,79.7,78.95,80.31817999999986,80.55259499999931,79.9399,77.94,219
2026-02-26T04:07:00-05:00,79.11,79.11,79,79,,,,,,,,,79.35102122418591,0,0,79.7,78.95,80.30117999999986,80.54369499999932,79.9399,77.94,4574
2026-02-26T04:08:00-05:00,78.99,79.06,78.95,79.06,,,,,,,,,79.29281697934873,0,0,79.7,78.95,80.28417999999986,80.53514499999932,79.9399,77.94,1317
2026-02-26T04:09:00-05:00,79.04,79.06,79,79,,,,,,,,,79.23425358347899,0,0,79.7,78.95,80.26537999999987,80.52639499999931,79.9399,77.94,2359
2026-02-26T04:10:00-05:00,79.01,79.03,78.99,79.01,,,,,,,,,79.1894028667832,0,0,79.7,78.95,80.24377999999986,80.51784499999931,79.9399,77.94,1280
2026-02-26T04:11:00-05:00,79.06,79.22,79.06,79.22,,,,,,,,,79.19552229342656,0,0,79.7,78.95,80.22637999999985,80.51004499999931,79.9399,77.94,2649
2026-02-26T04:12:00-05:00,79.22,79.26,79.17,79.26,,,,,,,,,79.20841783474125,0,0,79.7,78.95,80.21437999999985,80.50239499999931,79.9399,77.94,5757
2026-02-26T04:13:00-05:00,79.26,79.35,79.25,79.35,,,,,,,,,79.236734267793,0,0,79.7,78.95,80.19897999999985,80.4949949999993,79.9399,77.94,2869
2026-02-26T04:14:00-05:00,79.32,79.4,79.31,79.4,,,,,,,,,79.2693874142344,0,0,79.7,78.95,80.18317999999985,80.48779499999931,79.9399,77.94,2796
2026-02-26T04:15:00-05:00,79.45,79.47,79.43,79.47,,,,,,,,,79.30950993138752,0,0,79.7,78.95,80.16857999999985,80.48004499999931,79.9399,77.94,3693
2026-02-26T04:16:00-05:00,79.48,79.51,79.45,79.5,,,,,,,,,79.34760794511001,0,0,79.7,78.95,80.15357999999985,80.47279499999931,79.9399,77.94,1064
2026-02-26T04:17:00-05:00,79.5,79.5,79.37,79.38,,,,,,,,,79.354086356088,0,0,79.7,78.95,80.13357999999985,80.4645449999993,79.9399,77.94,721
2026-02-26T04:18:00-05:00,79.33,79.35,79.3,79.31,,,,,,,,,79.34526908487041,0,0,79.7,78.95,80.11197999999986,80.45609499999931,79.9399,77.94,1071
2026-02-26T04:19:00-05:00,79.31,79.32,79.28,79.3,,,,,,,,,79.33621526789632,0,0,79.7,78.95,80.09037999999985,80.44729499999931,79.9399,77.94,957
2026-02-26T04:20:00-05:00,79.26,79.27,79.26,79.27,,,,,,,,,79.32297221431706,0,0,79.7,78.95,80.06777999999986,80.43814499999931,79.9399,77.94,82
2026-02-26T04:21:00-05:00,79.28,79.3,79.22,79.28,,,,,,,,,79.31437777145365,0,0,79.7,78.95,80.04397999999986,80.42884499999931,79.9399,77.94,673
2026-02-26T04:22:00-05:00,79.24,79.24,79.17,79.18,,,,,,,,,79.28750221716292,0,0,79.7,78.95,80.01677999999986,80.41929499999931,79.9399,77.94,1292
2026-02-26T04:23:00-05:00,79.15,79.16,79.09,79.13,,,,,,,,,79.25600177373033,0,0,79.7,78.95,79.98897999999986,80.40909499999931,79.9399,77.94,2370
2026-02-26T04:24:00-05:00,79.15,79.19,79.15,79.18,,,,,,,,,79.24080141898426,0,0,79.7,78.95,79.96397999999985,80.39909499999932,79.9399,77.94,578
2026-02-26T04:25:00-05:00,79.19,79.3,79.19,79.23,,,,,,,,,79.23864113518741,0,0,79.7,78.95,79.93657999999985,80.38969499999932,79.9399,77.94,338
2026-02-26T04:26:00-05:00,79.23,79.28,79.23,79.28,,,,,,,,,79.24691290814992,0,0,79.7,78.95,79.90717999999985,80.38079499999931,79.9399,77.94,397
2026-02-26T04:27:00-05:00,79.28,79.28,79.22,79.26,,,,,,,,,79.24953032651995,0,0,79.7,78.95,79.87957999999986,80.37184499999933,79.9399,77.94,540
2026-02-26T04:28:00-05:00,79.26,79.32,79.16,79.24,,,,,,,,,79.24762426121596,0,0,79.7,78.95,79.85237999999985,80.36294499999931,79.9399,77.94,3092
2026-02-26T04:29:00-05:00,79.2,79.25,79.2,79.25,,,,,,,,,79.24809940897276,0,0,79.7,78.95,79.82757999999986,80.35464499999931,79.9399,77.94,2136
2026-02-26T04:30:00-05:00,79.22,79.23,79.18,79.22,,,,,,,,,79.2424795271782,0,0,79.7,78.95,79.79857999999984,80.34584499999931,79.9399,77.94,687
2026-02-26T04:31:00-05:00,79.32,79.34,79.32,79.32,,,,,,,,,79.25798362174257,0,0,79.7,78.95,79.77177999999985,80.33759499999933,79.9399,77.94,190
2026-02-26T04:32:00-05:00,79.35,79.35,79.31,79.31,,,,,,,,,79.26838689739405,0,0,79.7,78.95,79.74317999999985,80.32989499999931,79.9399,77.94,1183
2026-02-26T04:33:00-05:00,79.28,79.28,79.24,79.24,,,,,,,,,79.26270951791524,0,0,79.7,78.95,79.71377999999986,80.32269499999933,79.9399,77.94,529
2026-02-26T04:34:00-05:00,79.28,79.32,79.27,79.27,,,,,,,,,79.2641676143322,0,0,79.7,78.95,79.68577999999985,80.3151949999993,79.9399,77.94,231
2026-02-26T04:35:00-05:00,79.25,79.33,79.22,79.3,,,,,,,,,79.27133409146576,0,0,79.7,78.95,79.65717999999984,80.30764499999931,79.9399,77.94,210
2026-02-26T04:36:00-05:00,79.3,79.3,79.28,79.29,,,,,,,,,79.27506727317261,0,0,79.7,78.95,79.62817999999984,80.29964499999932,79.9399,77.94,359
2026-02-26T04:37:00-05:00,79.29,79.29,79.27,79.29,,,,,,,,,79.27805381853808,0,0,79.7,78.95,79.59997999999985,80.29214499999932,79.9399,77.94,58
2026-02-26T04:38:00-05:00,79.32,79.33,79.32,79.33,,,,,,,,,79.28844305483047,0,0,79.7,78.95,79.57217999999985,80.28469499999932,79.9399,77.94,123
2026-02-26T04:39:00-05:00,79.34,79.34,79.3,79.33,,,,,,,,,79.29675444386437,0,0,79.7,78.95,79.54397999999983,80.27754499999932,79.9399,77.94,912
2026-02-26T04:40:00-05:00,79.29,79.31,79.27,79.31,,,,,,,,,79.2994035550915,0,0,79.7,78.95,79.51597999999984,80.27054499999932,79.9399,77.94,311
2026-02-26T04:41:00-05:00,79.29,79.35,79.28,79.35,,,,,,,,,79.3095228440732,0,0,79.7,78.95,79.48917999999985,80.26379499999932,79.9399,77.94,628
2026-02-26T04:42:00-05:00,79.32,79.32,79.2,79.2,,,,,,,,,79.28761827525857,0,0,79.7,78.95,79.45817999999984,80.25609499999932,79.9399,77.94,3441
2026-02-26T04:43:00-05:00,79.18,79.2,79.17,79.2,,,,,,,,,79.27009462020685,0,0,79.7,78.95,79.42937999999985,80.24794499999932,79.9399,77.94,158
2026-02-26T04:45:00-05:00,79.16,79.18,79.16,79.18,,,,,,,,,79.25207569616548,0,0,79.7,78.95,79.39797999999985,80.24009499999931,79.9399,77.94,66
2026-02-26T04:46:00-05:00,79.21,79.23,79.21,79.23,,,,,,,,,79.24766055693239,0,0,79.7,78.95,79.36637999999985,80.23204499999933,79.9399,77.94,33
2026-02-26T04:47:00-05:00,79.22,79.22,79.21,79.21,,,,,,,,,79.2401284455459,0,0,79.7,78.95,79.33337999999985,80.22384499999933,79.9399,77.94,8
2026-02-26T04:48:00-05:00,79.24,79.25,79.23,79.23,,,,,,,,,79.23810275643673,0,0,79.7,78.95,79.29797999999984,80.21594499999932,79.9399,77.94,2410
2026-02-26T04:49:00-05:00,79.33,79.35,79.33,79.35,,,,,,,,,79.26048220514939,0,0,79.7,78.95,79.26499999999984,80.20899499999932,79.9399,77.94,200
2026-02-26T04:50:00-05:00,79.35,79.36,79.35,79.36,,,,,,,,,79.28038576411952,0,0,79.7,78.95,79.23299999999985,80.20204499999933,79.9399,77.94,3301
2026-02-26T04:51:00-05:00,79.35,79.35,79.35,79.35,,,,,,,,,79.2943086112956,0,0,79.7,78.95,79.23579999999986,80.19499499999932,79.9399,77.94,16
2026-02-26T04:52:00-05:00,79.35,79.42,79.33,79.41,,,,,,,,,79.31744688903649,0,0,79.7,78.95,79.24059999999984,80.18819499999933,79.9399,77.94,2190
2026-02-26T04:53:00-05:00,79.4,79.43,79.36,79.41,,,,,,,,,79.3359575112292,0,0,79.7,78.95,79.24679999999985,80.18134499999933,79.9399,77.94,1780
2026-02-26T04:54:00-05:00,79.41,79.43,79.39,79.42,,,,,,,,,79.35276600898335,0,0,79.7,78.95,79.25519999999985,80.17444499999934,79.9399,77.94,2737
2026-02-26T04:55:00-05:00,79.42,79.46,79.41,79.42,,,,,,,,,79.36621280718668,0,0,79.7,78.95,79.26359999999985,80.16744499999933,79.9399,77.94,6201
2026-02-26T04:56:00-05:00,79.44,79.46,79.4,79.42,,,,,,,,,79.37697024574935,0,0,79.7,78.95,79.27159999999985,80.16044499999933,79.9399,77.94,4424
2026-02-26T04:57:00-05:00,79.39,79.39,79.37,79.38,,,,,,,,,79.37757619659948,0,0,79.7,78.95,79.27779999999984,80.15324499999933,79.9399,77.94,318
2026-02-26T04:58:00-05:00,79.4,79.4,79.26,79.3,,,,,,,,,79.36206095727958,0,0,79.7,78.95,79.28379999999984,80.14569499999932,79.9399,77.94,2786
2026-02-26T04:59:00-05:00,79.33,79.33,79.29,79.29,,,,,,,,,79.34764876582366,0,0,79.7,78.95,79.28839999999985,80.13814499999933,79.9399,77.94,5661
2026-02-26T05:00:00-05:00,79.28,79.29,79.28,79.29,,,,,,,,,79.33611901265893,0,0,79.7,78.95,79.29419999999986,80.13064499999932,79.9399,77.94,571
2026-02-26T05:01:00-05:00,79.28,79.31,79.28,79.31,,,,,,,,,79.33089521012714,0,0,79.7,78.95,79.30019999999985,80.12329499999933,79.9399,77.94,33
2026-02-26T05:02:00-05:00,79.28,79.3,79.28,79.3,,,,,,,,,79.32471616810172,0,0,79.7,78.95,79.30179999999984,80.11599499999932,79.9399,77.94,7
2026-02-26T05:03:00-05:00,79.33,79.33,79.33,79.33,,,,,,,,,79.32577293448138,0,0,79.7,78.95,79.30319999999985,80.10884499999932,79.9399,77.94,70
2026-02-26T05:05:00-05:00,79.4,79.4,79.35,79.35,,,,,,,,,79.3306183475851,0,0,79.7,78.95,79.30319999999985,80.10179499999931,79.9399,77.94,33
2026-02-26T05:06:00-05:00,79.38,79.38,79.38,79.38,,,,,,,,,79.34049467806808,0,0,79.7,78.95,79.30279999999985,80.09484499999932,79.9399,77.94,67
2026-02-26T05:07:00-05:00,79.36,79.4,79.36,79.4,,,,,,,,,79.35239574245446,0,0,79.7,78.95,79.30139999999984,80.08804499999933,79.9399,77.94,110
2026-02-26T05:08:00-05:00,79.4,79.4,79.4,79.4,,,,,,,,,79.36191659396357,0,0,79.7,78.95,79.29939999999985,80.08119499999933,79.9399,77.94,1445
2026-02-26T05:09:00-05:00,79.38,79.38,79.28,79.28,,,,,,,,,79.34553327517085,0,0,79.7,78.95,79.29739999999985,80.07369499999932,79.9399,77.94,52
2026-02-26T05:10:00-05:00,79.25,79.29,79.25,79.29,,,,,,,,,79.33442662013668,0,0,79.7,78.95,79.29699999999985,80.06624499999933,79.9399,77.94,945
2026-02-26T05:11:00-05:00,79.23,79.23,79.22,79.22,,,,,,,,,79.31154129610934,,,79.7,78.95,79.29539999999986,80.05849499999933,79.9399,77.94,59