Date,Message
2026-02-02T09:35:00.000-05:00,[KLB] 9:35 ▲ RNG range break vol=13.6x
2026-02-02T09:35:00.000-05:00,[KLB] 9:35 ▲ BRK PM H vol=13.6x pos=^76 vwap=above ema=bull rs=+0.1% adx=23 body=75% ramp=13.6x rangeATR=4.5 ⚡ O618.7 H621.76 L618.66 C621.02 ATR=8.48 SL=620.17/619.75 rawVol=314344 volSMA=23101 buf=0.424 prices=618.8
2026-02-02T09:35:00.000-05:00,[KLB] 9:35 ▲ ~ ~ VWAP vol=13.6x pos=^76 vwap=above ema=bull rs=+0.1% adx=23 body=75% ramp=13.6x rangeATR=4.5 ⚡ O618.7 H621.76 L618.66 C621.02 ATR=8.48 SL=620.17/619.75 rawVol=314344 volSMA=23101 buf=0.424 prices=
2026-02-02T09:35:00.000-05:00,[KLB] CONF 9:35 ▲ BRK → ✓ (auto-R1: EMA+morning)
2026-02-02T09:40:00.000-05:00,[KLB] 9:40 ▲ BRK ORB H vol=10.1x pos=^76 vwap=above ema=bull rs=+0.3% adx=26 body=57% ramp=19.9x rangeATR=3 ⚡ O621.05 H623.02 L620.6 C622.43 ATR=8.48 SL=621.58/621.16 rawVol=169868 volSMA=31251 buf=0.424 prices=621.76
2026-02-02T09:40:00.000-05:00,[KLB] 9:40 ▲ ~ ~ Yest L vol=10.1x pos=^76 vwap=above ema=bull rs=+0.3% adx=26 body=57% ramp=19.9x rangeATR=3 ⚡ O621.05 H623.02 L620.6 C622.43 ATR=8.48 SL=621.58/621.16 rawVol=169868 volSMA=31251 buf=0.424 prices=619.3
2026-02-02T09:40:00.000-05:00,[KLB] CONF 9:40 ▲ BRK → ✓ (auto-R1: EMA+morning)
2026-02-02T09:45:00.000-05:00,[KLB] 5m CHECK 9:45 ▲ pnl=0.06 → HOLD
2026-02-02T09:55:00.000-05:00,[KLB] 9:55 ▲ BRK PD Mid vol=3x pos=^56 vwap=above ema=bull rs=+0.4% adx=36 body=56% ramp=0.7x rangeATR=1.5 O623.6 H624.91 L623.6 C624.33 ATR=8.48 SL=623.48/623.06 rawVol=144279 volSMA=47829 buf=0.424 prices=
2026-02-02T09:55:00.000-05:00,[KLB] CONF 9:55 ▲ BRK → ✓ (auto-R1: EMA+morning)
2026-02-02T10:00:00.000-05:00,[KLB] 5m CHECK 10:00 ▲ pnl=-0.08 → BAIL
2026-02-02T10:05:00.000-05:00,[KLB] 10:05 ▲ BRK PD Mid vol=2.1x pos=^100 vwap=above ema=bull rs=+0.4% adx=41 body=75% ramp=1x rangeATR=1.6 O623.72 H624.85 L623.34 C624.85 ATR=8.48 SL=624/623.58 rawVol=122605 volSMA=58798 buf=0.424 prices=
2026-02-02T10:05:00.000-05:00,[KLB] CONF 10:05 ▲ BRK → ✓ (auto-R1: EMA+morning)
2026-02-02T10:10:00.000-05:00,[KLB] 5m CHECK 10:10 ▲ pnl=0.1 → HOLD
2026-02-03T09:35:00.000-05:00,[KLB] 9:35 ▼ RNG range break vol=14.3x
2026-02-03T09:35:00.000-05:00,[KLB] 9:35 ▼ BRK PM L vol=14.3x pos=v69 vwap=below ema=bear rs=-0.2% adx=26 body=53% ramp=15.9x rangeATR=5.4 ⚡ O628.25 H628.68 L625.98 C626.83 ATR=8.57 SL=627.69/628.12 rawVol=177778 volSMA=12395 buf=0.429 prices=628.07
2026-02-03T09:35:00.000-05:00,[KLB] 9:35 ▼ ~ ~ VWAP vol=14.3x pos=v69 vwap=below ema=bear rs=-0.2% adx=26 body=53% ramp=15.9x rangeATR=5.4 ⚡ O628.25 H628.68 L625.98 C626.83 ATR=8.57 SL=627.69/628.12 rawVol=177778 volSMA=12395 buf=0.429 prices=
2026-02-03T09:35:00.000-05:00,[KLB] CONF 9:35 ▼ BRK → ✓ (auto-R1: EMA+morning)
2026-02-03T09:40:00.000-05:00,[KLB] 9:40 ▼ BRK ORB L vol=9.4x pos=v88 vwap=below ema=bear rs=-0.4% adx=30 body=67% ramp=18.4x rangeATR=3.3 ⚡ O626.85 H627.26 L625.27 C625.51 ATR=8.57 SL=626.37/626.8 rawVol=133069 volSMA=18941 buf=0.429 prices=625.98
2026-02-03T09:40:00.000-05:00,[KLB] 9:40 ▼ ~ ~ Yest H vol=9.4x pos=v88 vwap=below ema=bear rs=-0.4% adx=30 body=67% ramp=18.4x rangeATR=3.3 ⚡ O626.85 H627.26 L625.27 C625.51 ATR=8.57 SL=626.37/626.8 rawVol=133069 volSMA=18941 buf=0.429 prices=628.49
2026-02-03T09:40:00.000-05:00,[KLB] CONF 9:40 ▼ BRK → ✓ (auto-R1: EMA+morning)
2026-02-03T09:45:00.000-05:00,[KLB] 9:45 ▼ BRK PD LH L vol=6.6x pos=v74 vwap=below ema=bear rs=-0.6% adx=34 body=59% ramp=24.4x rangeATR=3.6 ⚡ O625.51 H625.91 L623.19 C623.91 ATR=8.57 SL=624.77/625.2 rawVol=184777 volSMA=28099 buf=0.429 prices=
2026-02-03T09:45:00.000-05:00,[KLB] CONF 9:45 ▼ BRK → ✓ (auto-R1: EMA+morning)
2026-02-03T09:50:00.000-05:00,[KLB] 5m CHECK 9:50 ▼ pnl=-0.13 → BAIL
2026-02-03T09:55:00.000-05:00,[KLB] 9:55 ▼ BRK PD Mid vol=2.7x pos=v100 vwap=below ema=bear rs=-0.6% adx=41 body=99% ramp=1.3x rangeATR=2.1 ⚡ ⚠ O624.93 H624.94 L623.08 C623.08 ATR=8.57 SL=623.94/624.37 rawVol=104583 volSMA=39347 buf=0.429 prices=
2026-02-03T09:55:00.000-05:00,[KLB] CONF 9:55 ▼ BRK → ✓ (auto-R1: EMA+morning)
2026-02-03T10:00:00.000-05:00,[KLB] 5m CHECK 10:00 ▼ pnl=0.25 → HOLD
2026-02-03T10:25:00.000-05:00,[KLB] 10:25 ▼ BRK Yest L + Week L vol=2x pos=v99 vwap=below ema=bear rs=-1% adx=60 body=76% ramp=0.9x rangeATR=2.3 ⚡ O619.59 H620.28 L617.25 C617.28 ATR=8.57 SL=618.14/618.57 rawVol=194708 volSMA=96176 buf=0.429 prices=618.66/618.27
2026-02-03T10:25:00.000-05:00,[KLB] CONF 10:25 ▼ BRK → ✓ (auto-R1: EMA+morning)
2026-02-03T10:30:00.000-05:00,[KLB] 5m CHECK 10:30 ▼ pnl=-0.19 → BAIL
2026-02-04T09:35:00.000-05:00,[KLB] 9:35 ▼ RNG range break vol=14.1x
2026-02-04T09:35:00.000-05:00,[KLB] 9:35 ▼ BRK PM L vol=14.1x pos=v65 vwap=below ema=bear rs=-0.3% adx=37 body=63% ramp=15.2x rangeATR=4.9 ⚡ O615.02 H615.07 L611.29 C612.62 ATR=9.32 SL=613.55/614.02 rawVol=286632 volSMA=20287 buf=0.466 prices=613.6
2026-02-04T09:35:00.000-05:00,[KLB] 9:35 ▼ ~ ~ VWAP vol=14.1x pos=v65 vwap=below ema=bear rs=-0.3% adx=37 body=63% ramp=15.2x rangeATR=4.9 ⚡ O615.02 H615.07 L611.29 C612.62 ATR=9.32 SL=613.55/614.02 rawVol=286632 volSMA=20287 buf=0.466 prices=
2026-02-04T09:35:00.000-05:00,[KLB] CONF 9:35 ▼ BRK → ✓ (auto-R1: EMA+morning)
2026-02-04T09:40:00.000-05:00,[KLB] 9:40 ▲ ~ ~ PM L + ~ PD LH L vol=5.6x pos=^75 vwap=above ema=bear rs=-0.2% adx=38 body=57% ramp=25.2x rangeATR=3.1 ⚡ O612.62 H614.98 L612.12 C614.26 ATR=9.32 SL=613.33/612.86 rawVol=156942 volSMA=28086 buf=0.466 prices=613.6
2026-02-04T09:40:00.000-05:00,[KLB] 5m CHECK 9:40 ▼ pnl=-0.18 → BAIL
2026-02-04T09:55:00.000-05:00,[KLB] 9:55 ▼ BRK PM L vol=3x pos=v48 vwap=below ema=bear rs=-0.3% adx=41 body=38% ramp=0.8x rangeATR=2.3 ⚡ O614.08 H614.36 L611.6 C613.04 ATR=9.32 SL=613.97/614.44 rawVol=135741 volSMA=45680 buf=0.466 prices=613.6
2026-02-04T09:55:00.000-05:00,[KLB] CONF 9:55 ▼ BRK → ✓ (auto-R1: EMA+morning)
2026-02-04T10:00:00.000-05:00,[KLB] 10:00 ▼ BRK Yest L + ORB L + PD LH L vol=2.7x pos=v93 vwap=below ema=bear rs=-0.4% adx=43 body=87% ramp=0.6x rangeATR=2.3 ⚡ ⚠ O613.05 H613.25 L610.21 C610.42 ATR=9.32 SL=611.35/611.82 rawVol=104044 volSMA=50703 buf=0.466 prices=610.96/611.29
2026-02-04T10:00:00.000-05:00,[KLB] CONF 10:00 ▼ BRK → ✓ (auto-R1: EMA+morning)
2026-02-04T10:05:00.000-05:00,[KLB] 5m CHECK 10:05 ▼ pnl=0.11 → HOLD
2026-02-04T10:20:00.000-05:00,[KLB] 10:20 ▼ BRK Yest L vol=1.6x pos=v79 vwap=below ema=bear rs=-0.5% adx=46 body=50% ramp=0.9x rangeATR=1 O611.07 H611.48 L610.07 C610.36 ATR=9.32 SL=611.29/611.76 rawVol=78360 volSMA=81413 buf=0.466 prices=610.96
2026-02-04T10:20:00.000-05:00,[KLB] CONF 10:20 ▼ BRK → ✓ (auto-R1: EMA+morning)
2026-02-04T10:25:00.000-05:00,[KLB] 5m CHECK 10:25 ▼ pnl=-0.18 → BAIL
2026-02-05T09:40:00.000-05:00,[KLB] 9:40 ▲ RNG range break vol=8.5x
2026-02-05T09:40:00.000-05:00,[KLB] 9:40 ▲ ~ ~ VWAP vol=8.5x pos=^98 vwap=above ema=bear rs=+0.3% adx=34 body=60% ramp=20.8x rangeATR=2.4 ⚡ O601.21 H603.39 L599.88 C603.33 ATR=9.8 SL=602.35/601.86 rawVol=317120 volSMA=53891 buf=0.49 prices=
2026-02-05T10:00:00.000-05:00,[KLB] 10:00 ▼ BRK Yest L vol=2.1x pos=v89 vwap=below ema=bear rs=+0.1% adx=28 body=77% ramp=0.6x rangeATR=1.6 O602.43 H602.76 L599.95 C600.27 ATR=9.8 SL=601.25/601.74 rawVol=200734 volSMA=95741 buf=0.49 prices=600.47
2026-02-05T10:00:00.000-05:00,"[KLB] 10:00 ▼ ~ ~ ORB H
~ VWAP vol=2.1x pos=v89 vwap=below ema=bear rs=+0.1% adx=28 body=77% ramp=0.6x rangeATR=1.6 O602.43 H602.76 L599.95 C600.27 ATR=9.8 SL=601.25/601.74 rawVol=200734 volSMA=95741 buf=0.49 prices=601.25"
2026-02-05T10:00:00.000-05:00,[KLB] CONF 10:00 ▼ BRK → ✓ (auto-R1: EMA+morning)
2026-02-05T10:05:00.000-05:00,[KLB] 10:05 ▼ BRK PM L vol=2.5x pos=v80 vwap=below ema=bear rs=0% adx=29 body=54% ramp=0.7x rangeATR=1.7 O600.26 H601.02 L598.04 C598.64 ATR=9.8 SL=599.62/600.11 rawVol=274371 volSMA=108975 buf=0.49 prices=598.74
2026-02-05T10:05:00.000-05:00,[KLB] 10:05 ▼ ~ ~ ORB H vol=2.5x pos=v80 vwap=below ema=bear rs=0% adx=29 body=54% ramp=0.7x rangeATR=1.7 O600.26 H601.02 L598.04 C598.64 ATR=9.8 SL=599.62/600.11 rawVol=274371 volSMA=108975 buf=0.49 prices=601.25
2026-02-05T10:05:00.000-05:00,[KLB] CONF 10:05 ▼ BRK → ✓ (auto-R1: EMA+morning)
2026-02-05T10:10:00.000-05:00,[KLB] 5m CHECK 10:10 ▼ pnl=0.08 → HOLD
2026-02-05T10:15:00.000-05:00,[KLB] 10:15 ▼ BRK ORB L vol=1.6x pos=v99 vwap=below ema=bear rs=-0.2% adx=32 body=79% ramp=1.1x rangeATR=1.8 O597.86 H598.53 L595.08 C595.13 ATR=9.8 SL=596.11/596.6 rawVol=196431 volSMA=126765 buf=0.49 prices=597.35
2026-02-05T10:15:00.000-05:00,[KLB] CONF 10:15 ▼ BRK → ✓ (auto-R1: EMA+morning)
2026-02-05T10:20:00.000-05:00,[KLB] 5m CHECK 10:20 ▼ pnl=-0.2 → BAIL
2026-02-06T09:35:00.000-05:00,[KLB] 9:35 ▲ RNG range break vol=12.6x
2026-02-09T09:40:00.000-05:00,[KLB] 9:40 ▲ RNG range break vol=7.2x
2026-02-10T09:40:00.000-05:00,[KLB] 9:40 ▼ RNG range break vol=10.3x
2026-02-10T09:40:00.000-05:00,[KLB] 9:40 ▼ ~ ~ Yest H vol=10.3x pos=v68 vwap=below ema=bull rs=-0.1% adx=22 body=52% ramp=21.7x rangeATR=3.2 ⚡ O615.06 H615.37 L613.49 C614.09 ATR=10.29 SL=615.12/615.63 rawVol=191330 volSMA=31814 buf=0.515 prices=616.46
2026-02-10T09:50:00.000-05:00,[KLB] 9:50 ▼ BRK PM L vol=3x pos=v65 vwap=below ema=bear rs=-0.2% adx=28 body=58% ramp=1.2x rangeATR=1.9 O613.71 H613.8 L612.44 C612.92 ATR=10.29 SL=613.95/614.46 rawVol=117555 volSMA=43283 buf=0.515 prices=613.31
2026-02-10T09:50:00.000-05:00,[KLB] 9:50 ▼ ~ ~ VWAP vol=3x pos=v65 vwap=below ema=bear rs=-0.2% adx=28 body=58% ramp=1.2x rangeATR=1.9 O613.71 H613.8 L612.44 C612.92 ATR=10.29 SL=613.95/614.46 rawVol=117555 volSMA=43283 buf=0.515 prices=
2026-02-10T09:50:00.000-05:00,[KLB] CONF 9:50 ▼ BRK → ✓ (auto-R1: EMA+morning)
2026-02-10T09:55:00.000-05:00,[KLB] 5m CHECK 9:55 ▼ pnl=-0.21 → BAIL
2026-02-10T10:05:00.000-05:00,[KLB] 10:05 ▲ ~ ~ VWAP vol=1.7x pos=^90 vwap=above ema=bull rs=0% adx=24 body=43% ramp=0.7x rangeATR=0.7 O615.69 H616 L615.42 C615.94 ATR=10.29 SL=614.91/614.4 rawVol=69154 volSMA=57623 buf=0.515 prices=
2026-02-11T09:40:00.000-05:00,[KLB] 9:40 ▼ ~ ~ Yest H vol=8x pos=v87 vwap=below ema=bull rs=-0.1% adx=37 body=49% ramp=14.6x rangeATR=2.3 ⚡ O615.63 H616.33 L614.5 C614.74 ATR=9.98 SL=615.74/616.24 rawVol=176746 volSMA=34242 buf=0.499 prices=617.02
2026-02-11T09:45:00.000-05:00,[KLB] 9:45 ▲ ~ ~ ORB L vol=3.5x pos=^86 vwap=above ema=bull rs=+0% adx=35 body=77% ramp=16.2x rangeATR=1.6 O614.71 H615.93 L614.6 C615.74 ATR=9.98 SL=614.74/614.24 rawVol=145370 volSMA=41358 buf=0.499 prices=615.17
2026-02-11T10:25:00.000-05:00,[KLB] 10:25 ▼ BRK PM L vol=1.6x pos=v87 vwap=below ema=bear rs=-0.4% adx=34 body=79% ramp=1.6x rangeATR=1.4 O609.53 H609.66 L607.87 C608.11 ATR=9.98 SL=609.11/609.61 rawVol=142085 volSMA=86113 buf=0.499 prices=609.88
2026-02-11T10:25:00.000-05:00,[KLB] CONF 10:25 ▼ BRK → ✓ (auto-R1: EMA+morning)
2026-02-11T10:30:00.000-05:00,[KLB] 5m CHECK 10:30 ▼ pnl=0 → BAIL
2026-02-11T11:05:00.000-05:00,[KLB] 11:05 ▼ ~ ~ VWAP vol=0.7x pos=v89 vwap=below ema=bear rs=-0.2% adx=30 body=57% ramp=0.9x rangeATR=1 O612.2 H612.67 L611.2 C611.36 ATR=9.98 SL=612.36/612.86 rawVol=54076 volSMA=115674 buf=0.499 prices=
2026-02-11T12:05:00.000-05:00,[KLB] 12:05 ▼ BRK Yest L + PD LH L vol=1.5x pos=v80 vwap=below ema=bear rs=-0.3% adx=22 body=72% ramp=1.8x rangeATR=0.8 O610.65 H610.73 L609.74 C609.94 ATR=9.98 SL=610.94/611.44 rawVol=93661 volSMA=62104 buf=0.499 prices=611.01
2026-02-11T12:07:00.000-05:00,[KLB] 12:07 ▼ ◆ ◆³ Yest L 0.1x v19 vol= pos= vwap=below ema=bear rs=-0.3% adx=22 body=72% ramp=1.8x rangeATR=0.8 O610.65 H610.73 L609.74 C609.94 ATR=9.98 SL=610.94/611.44 rawVol=93661 volSMA=62104 buf=0.499 prices=
2026-02-11T12:21:00.000-05:00,[KLB] CONF 12:21 ▼ BRK → ✗ (failed)
2026-02-11T12:25:00.000-05:00,[KLB] 12:25 ▲ FADE at 611.01
2026-02-12T09:45:00.000-05:00,[KLB] 9:45 ▼ RNG range break vol=5.7x
2026-02-12T09:45:00.000-05:00,"[KLB] 9:45 ▼ ~ ~ ORB H
~ VWAP vol=5.7x pos=v96 vwap=below ema=bull rs=-0.1% adx=23 body=62% ramp=26.6x rangeATR=3.1 ⚡ O615.05 H615.72 L613.72 C613.81 ATR=9.97 SL=614.81/615.31 rawVol=156822 volSMA=27626 buf=0.499 prices=615.45"
2026-02-12T10:00:00.000-05:00,[KLB] 10:00 ▼ BRK PD Mid vol=2.8x pos=v77 vwap=below ema=bear rs=-0.3% adx=28 body=76% ramp=1.1x rangeATR=2.4 ⚡ O612.94 H612.97 L610.87 C611.35 ATR=9.97 SL=612.35/612.85 rawVol=144822 volSMA=51742 buf=0.499 prices=
2026-02-12T10:00:00.000-05:00,[KLB] CONF 10:00 ▼ BRK → ✓ (auto-R1: EMA+morning)
2026-02-12T10:05:00.000-05:00,[KLB] 5m CHECK 10:05 ▼ pnl=0.01 → BAIL
2026-02-13T09:40:00.000-05:00,[KLB] 9:40 ▼ RNG range break vol=9.4x
2026-02-13T15:30:00.000-05:00,"[KLB] 15:30 ▼ ~ ~ PM H + ~ ORB H
~ VWAP vol=2.7x pos=v83 vwap=below ema=bear rs=+0.2% adx=29 body=69% ramp=1.4x rangeATR=1.6 O602.01 H602.23 L600.64 C600.91 ATR=10.42 SL=601.95/602.47 rawVol=174867 volSMA=65104 buf=0.521 prices=602.3/601.79"
2026-02-17T09:35:00.000-05:00,[KLB] 9:35 ▲ RNG range break vol=15.1x
2026-02-17T09:35:00.000-05:00,[KLB] 9:35 ▲ BRK PM H vol=15.1x pos=^98 vwap=above ema=bull rs=+0.2% adx=31 body=64% ramp=20x rangeATR=4 ⚡ O598.38 H600.86 L597.12 C600.78 ATR=10.4 SL=599.74/599.22 rawVol=478097 volSMA=31632 buf=0.52 prices=599.42
2026-02-17T09:35:00.000-05:00,"[KLB] 9:35 ▲ ~ ~ Yest L
~ VWAP + ~ PD LH L vol=15.1x pos=^98 vwap=above ema=bull rs=+0.2% adx=31 body=64% ramp=20x rangeATR=4 ⚡ O598.38 H600.86 L597.12 C600.78 ATR=10.4 SL=599.74/599.22 rawVol=478097 volSMA=31632 buf=0.52 prices=596.42"
2026-02-17T09:35:00.000-05:00,[KLB] CONF 9:35 ▲ BRK → ✓ (auto-R1: EMA+morning)
2026-02-17T09:40:00.000-05:00,[KLB] 9:40 ▲ BRK ORB H + PD Mid vol=11.5x pos=^75 vwap=above ema=bull rs=+0.2% adx=34 body=53% ramp=27.8x rangeATR=1.8 O600.82 H602.2 L600.43 C601.75 ATR=10.4 SL=600.71/600.19 rawVol=202747 volSMA=41518 buf=0.52 prices=600.86
2026-02-17T09:40:00.000-05:00,[KLB] 9:40 ▲ ~ ~ Yest L vol=11.5x pos=^75 vwap=above ema=bull rs=+0.2% adx=34 body=53% ramp=27.8x rangeATR=1.8 O600.82 H602.2 L600.43 C601.75 ATR=10.4 SL=600.71/600.19 rawVol=202747 volSMA=41518 buf=0.52 prices=596.42
2026-02-17T09:40:00.000-05:00,[KLB] CONF 9:40 ▲ BRK → ✓ (auto-R1: EMA+morning)
2026-02-17T09:45:00.000-05:00,[KLB] 5m CHECK 9:45 ▲ pnl=-0.23 → BAIL
2026-02-17T09:55:00.000-05:00,[KLB] 9:55 ▼ RNG range break vol=3.4x
2026-02-17T10:00:00.000-05:00,[KLB] 10:00 ▼ BRK PM L vol=3x pos=v88 vwap=below ema=bear rs=-0.2% adx=30 body=69% ramp=0.7x rangeATR=1.2 O595.34 H595.68 L593.96 C594.16 ATR=10.4 SL=595.2/595.72 rawVol=161375 volSMA=78174 buf=0.52 prices=595.03
2026-02-17T10:00:00.000-05:00,[KLB] CONF 10:00 ▼ BRK → ✓ (auto-R1: EMA+morning)
2026-02-17T10:05:00.000-05:00,[KLB] 5m CHECK 10:05 ▼ pnl=-0.17 → BAIL
2026-02-17T10:25:00.000-05:00,[KLB] 10:25 ▼ ~ ~ VWAP vol=1x pos=v88 vwap=below ema=bear rs=-0.1% adx=24 body=83% ramp=0.9x rangeATR=1.5 ⚠ O597.8 H597.93 L595.31 C595.63 ATR=10.4 SL=596.67/597.19 rawVol=108073 volSMA=109791 buf=0.52 prices=
2026-02-17T11:40:00.000-05:00,[KLB] 11:40 ▲ ~ ~ Yest L vol=0.8x pos=^69 vwap=above ema=bull rs=+0.1% adx=24 body=53% ramp=1x rangeATR=1 O600.03 H601.3 L599.78 C600.83 ATR=10.4 SL=599.79/599.27 rawVol=92631 volSMA=110133 buf=0.52 prices=596.42
2026-02-17T11:55:00.000-05:00,[KLB] 11:55 ▲ ~ ~ Yest L vol=0.5x pos=^100 vwap=above ema=bull rs=+0.1% adx=25 body=87% ramp=0.5x rangeATR=0.6 ⚠ O600.14 H600.85 L600.03 C600.85 ATR=10.4 SL=599.81/599.29 rawVol=46195 volSMA=100190 buf=0.52 prices=596.42
2026-02-17T12:30:00.000-05:00,[KLB] 12:30 ▲ ~ ~ Yest L vol=0.8x pos=^99 vwap=above ema=bull rs=+0.1% adx=21 body=90% ramp=0.9x rangeATR=1.1 ⚠ O599.42 H600.72 L599.3 C600.7 ATR=10.4 SL=599.66/599.14 rawVol=62201 volSMA=76119 buf=0.52 prices=596.42
2026-02-17T15:45:00.000-05:00,[KLB] 15:45 ▲ ~ ~ Yest L vol=1.5x pos=^77 vwap=above ema=bull rs=+0.1% adx=22 body=75% ramp=1.1x rangeATR=1.5 O600.42 H601.7 L600.4 C601.4 ATR=10.4 SL=600.36/599.84 rawVol=83933 volSMA=56241 buf=0.52 prices=596.42
2026-02-18T09:35:00.000-05:00,[KLB] 9:35 ▼ RNG range break vol=16.9x
2026-02-18T09:35:00.000-05:00,[KLB] 9:35 ▼ BRK PM L vol=16.9x pos=v80 vwap=below ema=bear rs=-0.1% adx=26 body=51% ramp=70.6x rangeATR=3.2 ⚡ O602.12 H602.69 L600.73 C601.13 ATR=10.41 SL=602.17/602.69 rawVol=513191 volSMA=30321 buf=0.521 prices=601.29
2026-02-18T09:35:00.000-05:00,"[KLB] 9:35 ▼ ~ ~ Yest H
~ VWAP vol=16.9x pos=v80 vwap=below ema=bear rs=-0.1% adx=26 body=51% ramp=70.6x rangeATR=3.2 ⚡ O602.12 H602.69 L600.73 C601.13 ATR=10.41 SL=602.17/602.69 rawVol=513191 volSMA=30321 buf=0.521 prices=603.95"
2026-02-18T09:35:00.000-05:00,[KLB] CONF 9:35 ▼ BRK → ✓ (auto-R1: EMA+morning)
2026-02-18T09:40:00.000-05:00,[KLB] 5m CHECK 9:40 ▼ pnl=-0.08 → BAIL
2026-02-18T09:50:00.000-05:00,[KLB] 9:50 ▼ ~ ~ ORB H vol=2.7x pos=v92 vwap=below ema=bear rs=+0% adx=27 body=56% ramp=1.4x rangeATR=2.3 ⚡ O603.06 H603.8 L601.73 C601.9 ATR=10.41 SL=602.94/603.46 rawVol=185141 volSMA=67370 buf=0.521 prices=602.69
2026-02-18T14:40:00.000-05:00,[KLB] 14:40 ▼ ~ ~ PM H vol=1.8x pos=v65 vwap=below ema=bear rs=+0.3% adx=39 body=62% ramp=1.5x rangeATR=1.9 O605.84 H605.89 L604.56 C605.02 ATR=10.41 SL=606.06/606.58 rawVol=110809 volSMA=62472 buf=0.521 prices=605.8
2026-02-19T09:40:00.000-05:00,[KLB] 9:40 ▼ RNG range break vol=9.3x
2026-02-19T09:45:00.000-05:00,[KLB] 9:45 ▲ ~ ~ PM L + ~ Yest L + ~ ORB L vol=4.4x pos=^85 vwap=above ema=bear rs=-0.1% adx=25 body=35% ramp=75.9x rangeATR=2.5 ⚡ O602.34 H603.35 L601.34 C603.05 ATR=10.31 SL=602.02/601.5 rawVol=192451 volSMA=43995 buf=0.516 prices=601.92/600.72/602.35
2026-02-19T10:05:00.000-05:00,[KLB] 10:05 ▲ RNG range break vol=3.2x
2026-02-19T12:05:00.000-05:00,[KLB] 12:05 ▼ ~ ~ VWAP vol=0.7x pos=v70 vwap=below ema=bear rs=+0.1% adx=21 body=53% ramp=1.1x rangeATR=0.8 O603.04 H603.19 L602.31 C602.57 ATR=10.31 SL=603.6/604.12 rawVol=42225 volSMA=67930 buf=0.516 prices=
2026-02-19T12:30:00.000-05:00,[KLB] 12:30 ▼ ~ ~ ORB H vol=0.7x pos=v75 vwap=below ema=bear rs=+0.1% adx=23 body=66% ramp=0.9x rangeATR=0.9 O604.09 H604.18 L603.16 C603.42 ATR=10.31 SL=604.45/604.97 rawVol=45848 volSMA=64252 buf=0.516 prices=603.96
2026-02-19T12:50:00.000-05:00,[KLB] 12:50 ▼ BRK ORB L + PD LH L vol=1.7x pos=v76 vwap=below ema=bear rs=+0% adx=24 body=75% ramp=1.2x rangeATR=1.4 O603.01 H603.02 L601.57 C601.92 ATR=10.31 SL=602.95/603.47 rawVol=102568 volSMA=60937 buf=0.516 prices=602.35
2026-02-19T12:50:00.000-05:00,[KLB] 12:50 ▼ ◆ ◆¹ ORB L 0.3x v57 vol= pos= vwap=below ema=bear rs=+0% adx=24 body=75% ramp=1.2x rangeATR=1.4 O603.01 H603.02 L601.57 C601.92 ATR=10.31 SL=602.95/603.47 rawVol=102568 volSMA=60937 buf=0.516 prices=
2026-02-19T13:14:00.000-05:00,[KLB] CONF 13:14 ▼ BRK → ✗ (failed)
2026-02-19T13:15:00.000-05:00,[KLB] 13:15 ▲ FADE at 602.35
2026-02-20T09:35:00.000-05:00,[KLB] 9:35 ▲ ~ ~ PM L + ~ PD LH L vol=13.4x pos=^91 vwap=above ema=bear rs=+0.2% adx=35 body=65% ramp=12.8x rangeATR=4 ⚡ O600.11 H602.63 L599.24 C602.32 ATR=9.94 SL=601.33/600.83 rawVol=345373 volSMA=25785 buf=0.497 prices=599.7
2026-02-20T09:40:00.000-05:00,[KLB] 9:40 ▲ RNG range break vol=9.6x
2026-02-20T09:40:00.000-05:00,"[KLB] 9:40 ▲ ~ ~ Yest L
~ VWAP vol=9.6x pos=^58 vwap=above ema=bear rs=+0.3% adx=35 body=45% ramp=18.1x rangeATR=2.4 ⚡ O602.32 H604.33 L602.03 C603.36 ATR=9.94 SL=602.37/601.87 rawVol=208333 volSMA=36125 buf=0.497 prices=600.75"
2026-02-20T10:05:00.000-05:00,[KLB] 10:05 ▲ BRK Yest H vol=5.1x pos=^43 vwap=above ema=bull rs=+0.4% adx=36 body=38% ramp=1.5x rangeATR=3.4 ⚡ O604.56 H608.96 L604.32 C606.33 ATR=9.94 SL=605.34/604.84 rawVol=410115 volSMA=80600 buf=0.497 prices=605.82
2026-02-20T10:05:00.000-05:00,[KLB] CONF 10:05 ▲ BRK → ✓ (auto-R1: EMA+morning)
2026-02-20T10:10:00.000-05:00,[KLB] 5m CHECK 10:10 ▲ pnl=0.02 → BAIL
2026-02-20T10:25:00.000-05:00,[KLB] 10:25 ▲ BRK PM H vol=1.5x pos=^65 vwap=above ema=bull rs=+0.4% adx=37 body=56% ramp=0.6x rangeATR=1 O606.19 H607.77 L606.04 C607.16 ATR=9.94 SL=606.17/605.67 rawVol=125030 volSMA=117587 buf=0.497 prices=606.6
2026-02-20T10:25:00.000-05:00,[KLB] CONF 10:25 ▲ BRK → ✓ (auto-R1: EMA+morning)
2026-02-20T10:30:00.000-05:00,[KLB] 5m CHECK 10:30 ▲ pnl=-0.08 → BAIL
2026-02-23T09:35:00.000-05:00,[KLB] 9:35 ▲ RNG range break vol=15.2x
2026-02-23T09:45:00.000-05:00,[KLB] 9:45 ▼ RNG range break vol=5.2x
2026-02-23T09:45:00.000-05:00,[KLB] 9:45 ▼ BRK ORB L + PD Mid vol=5.2x pos=v99 vwap=below ema=bear rs=-0.4% adx=24 body=99% ramp=37x rangeATR=3.7 ⚡ ⚠ O606.96 H606.96 L604.17 C604.19 ATR=10.02 SL=605.19/605.69 rawVol=182816 volSMA=37822 buf=0.501 prices=606.34
2026-02-23T09:45:00.000-05:00,[KLB] 9:45 ▼ ~ ~ VWAP vol=5.2x pos=v99 vwap=below ema=bear rs=-0.4% adx=24 body=99% ramp=37x rangeATR=3.7 ⚡ ⚠ O606.96 H606.96 L604.17 C604.19 ATR=10.02 SL=605.19/605.69 rawVol=182816 volSMA=37822 buf=0.501 prices=
2026-02-23T09:45:00.000-05:00,[KLB] CONF 9:45 ▼ BRK → ✓ (auto-R1: EMA+morning)
2026-02-23T09:50:00.000-05:00,[KLB] 5m CHECK 9:50 ▼ pnl=-0.03 → BAIL
2026-02-24T09:35:00.000-05:00,[KLB] 9:35 ▼ RNG range break vol=15.9x
2026-02-24T09:35:00.000-05:00,[KLB] 9:35 ▼ ~ ~ VWAP vol=15.9x pos=v75 vwap=below ema=bull rs=-0.1% adx=22 body=57% ramp=30.3x rangeATR=4.5 ⚡ O602.37 H602.87 L600.09 C600.78 ATR=10 SL=601.78/602.28 rawVol=365106 volSMA=22959 buf=0.5 prices=
2026-02-24T09:40:00.000-05:00,[KLB] 9:40 ▲ ~ ~ PM L + ~ Yest L + ~ ORB L vol=8x pos=^90 vwap=above ema=bear rs=-0.1% adx=24 body=55% ramp=32.2x rangeATR=3.8 ⚡ O600.77 H602.66 L599.74 C602.37 ATR=10 SL=601.37/600.87 rawVol=305892 volSMA=38030 buf=0.5 prices=602.02/599.05/600.09
2026-02-24T09:45:00.000-05:00,[KLB] 9:45 ▲ RNG range break vol=6.3x
2026-02-24T09:45:00.000-05:00,[KLB] 9:45 ▲ BRK ORB H + PD Mid vol=6.3x pos=^99 vwap=above ema=bull rs=+0.1% adx=23 body=98% ramp=40.5x rangeATR=2.9 ⚡ ⚠ O602.36 H604.96 L602.33 C604.93 ATR=10 SL=603.93/603.43 rawVol=225250 volSMA=48458 buf=0.5 prices=602.87
2026-02-24T09:45:00.000-05:00,[KLB] 9:45 ▲ ~ ~ VWAP vol=6.3x pos=^99 vwap=above ema=bull rs=+0.1% adx=23 body=98% ramp=40.5x rangeATR=2.9 ⚡ ⚠ O602.36 H604.96 L602.33 C604.93 ATR=10 SL=603.93/603.43 rawVol=225250 volSMA=48458 buf=0.5 prices=
2026-02-24T09:45:00.000-05:00,[KLB] CONF 9:45 ▲ BRK → ✓ (auto-R1: EMA+morning)
2026-02-24T09:50:00.000-05:00,[KLB] 9:50 ▲ BRK PM H vol=5x pos=^65 vwap=above ema=bull rs=+0.1% adx=22 body=57% ramp=2.2x rangeATR=1.5 O604.95 H606.22 L604.83 C605.74 ATR=10 SL=604.74/604.24 rawVol=324673 volSMA=64439 buf=0.5 prices=604.66
2026-02-24T09:50:00.000-05:00,[KLB] CONF 9:50 ▲ BRK → ✓ (auto-R1: EMA+morning)
2026-02-24T09:55:00.000-05:00,[KLB] 5m CHECK 9:55 ▲ pnl=-0.07 → BAIL
2026-02-25T09:35:00.000-05:00,[KLB] 9:35 ▲ RNG range break vol=14x
2026-02-25T09:35:00.000-05:00,[KLB] 9:35 ▲ BRK PM H vol=14x pos=^75 vwap=above ema=bull rs=+0.1% adx=26 body=70% ramp=6.9x rangeATR=4.3 ⚡ O611.11 H613.06 L611.01 C612.55 ATR=9.95 SL=611.55/611.06 rawVol=291482 volSMA=20861 buf=0.498 prices=611.5
2026-02-25T09:35:00.000-05:00,[KLB] CONF 9:35 ▲ BRK → ✓ (auto-R1: EMA+morning)
2026-02-25T09:40:00.000-05:00,[KLB] 9:40 ▲ ~ ~ VWAP vol=8.8x pos=^78 vwap=above ema=bull rs=+0.2% adx=28 body=66% ramp=13.5x rangeATR=1.7 O612.55 H613.31 L612.44 C613.12 ATR=9.95 SL=612.12/611.63 rawVol=251371 volSMA=33194 buf=0.498 prices=
2026-02-25T09:40:00.000-05:00,[KLB] 5m CHECK 9:40 ▲ pnl=0.06 → HOLD
2026-02-25T09:45:00.000-05:00,[KLB] 9:45 ▲ BRK ORB H vol=6.1x pos=^86 vwap=above ema=bull rs=+0.3% adx=31 body=58% ramp=14.7x rangeATR=2 O613.14 H613.91 L612.84 C613.76 ATR=9.95 SL=612.76/612.27 rawVol=157486 volSMA=40955 buf=0.498 prices=613.06
2026-02-25T09:45:00.000-05:00,[KLB] CONF 9:45 ▲ BRK → ✓ (auto-R1: EMA+morning)
2026-02-25T09:50:00.000-05:00,[KLB] 5m CHECK 9:50 ▲ pnl=0.11 → HOLD
2026-02-26T09:30:00.000-05:00,[KLB] 9:30 ▼ RNG range break vol=4.4x
2026-02-26T09:50:00.000-05:00,[KLB] 9:50 ▼ BRK ORB L + PD Mid vol=3.6x pos=v62 vwap=below ema=bear rs=-0.1% adx=30 body=56% ramp=1.4x rangeATR=1.8 O613.62 H613.69 L612.38 C612.88 ATR=9.88 SL=613.87/614.36 rawVol=269777 volSMA=75795 buf=0.494 prices=613.47
2026-02-26T09:50:00.000-05:00,[KLB] 9:50 ▼ ~ ~ VWAP vol=3.6x pos=v62 vwap=below ema=bear rs=-0.1% adx=30 body=56% ramp=1.4x rangeATR=1.8 O613.62 H613.69 L612.38 C612.88 ATR=9.88 SL=613.87/614.36 rawVol=269777 volSMA=75795 buf=0.494 prices=
2026-02-26T09:50:00.000-05:00,[KLB] CONF 9:50 ▼ BRK → ✓ (auto-R1: EMA+morning)
2026-02-26T09:55:00.000-05:00,[KLB] 5m CHECK 9:55 ▼ pnl=0.03 → BAIL
2026-02-26T10:15:00.000-05:00,[KLB] 10:15 ▼ BRK Yest L vol=2x pos=v98 vwap=below ema=bear rs=-0.4% adx=46 body=73% ramp=0.9x rangeATR=2.6 ⚡ O610.84 H611.5 L608.87 C608.91 ATR=9.88 SL=609.9/610.39 rawVol=260833 volSMA=130667 buf=0.494 prices=611
2026-02-26T10:15:00.000-05:00,[KLB] 10:15 ▼ ~ ~ Week H vol=2x pos=v98 vwap=below ema=bear rs=-0.4% adx=46 body=73% ramp=0.9x rangeATR=2.6 ⚡ O610.84 H611.5 L608.87 C608.91 ATR=9.88 SL=609.9/610.39 rawVol=260833 volSMA=130667 buf=0.494 prices=610.35
2026-02-26T10:15:00.000-05:00,[KLB] CONF 10:15 ▼ BRK → ✓ (auto-R1: EMA+morning)
2026-02-26T10:20:00.000-05:00,[KLB] 5m CHECK 10:20 ▼ pnl=0.28 → HOLD
2026-02-27T09:35:00.000-05:00,[KLB] 9:35 ▲ ~ ~ PM L vol=12x pos=^76 vwap=above ema=bear rs=+0.2% adx=37 body=67% ramp=25x rangeATR=2.9 ⚡ O602.95 H605.1 L602.73 C604.53 ATR=10.08 SL=603.52/603.02 rawVol=391454 volSMA=32757 buf=0.504 prices=602.52
2026-02-27T09:45:00.000-05:00,[KLB] 9:45 ▼ BRK Yest L vol=3.5x pos=v49 vwap=below ema=bear rs=+0.2% adx=33 body=48% ramp=16.6x rangeATR=2.9 ⚡ O605.06 H605.09 L602.19 C603.67 ATR=10.08 SL=604.68/605.18 rawVol=181105 volSMA=51539 buf=0.504 prices=603.98
2026-02-27T09:45:00.000-05:00,[KLB] 9:45 ▼ ~ ~ ORB H vol=3.5x pos=v49 vwap=below ema=bear rs=+0.2% adx=33 body=48% ramp=16.6x rangeATR=2.9 ⚡ O605.06 H605.09 L602.19 C603.67 ATR=10.08 SL=604.68/605.18 rawVol=181105 volSMA=51539 buf=0.504 prices=605.1
2026-02-27T09:45:00.000-05:00,[KLB] CONF 9:45 ▼ BRK → ✓ (auto-R1: EMA+morning)
2026-02-27T09:50:00.000-05:00,[KLB] 9:50 ▲ RNG range break vol=3.4x
2026-02-27T09:50:00.000-05:00,[KLB] 5m CHECK 9:50 ▼ pnl=-0.2 → BAIL
2026-03-02T09:35:00.000-05:00,[KLB] 9:35 ▲ RNG range break vol=13.6x
2026-03-02T09:45:00.000-05:00,[KLB] 9:45 ▲ ~ ~ Yest L vol=2.1x pos=^67 vwap=above ema=bull rs=+0.3% adx=23 body=65% ramp=37x rangeATR=1.1 O602.76 H604.01 L602.73 C603.59 ATR=9.87 SL=602.6/602.11 rawVol=126445 volSMA=61660 buf=0.493 prices=602.19
2026-03-02T09:50:00.000-05:00,[KLB] 9:50 ▲ BRK ORB H vol=2.2x pos=^91 vwap=above ema=bull rs=+0.3% adx=25 body=67% ramp=1.1x rangeATR=1.6 O603.57 H605.03 L603.1 C604.86 ATR=9.87 SL=603.87/603.38 rawVol=153188 volSMA=68254 buf=0.493 prices=603.87
2026-03-02T09:50:00.000-05:00,[KLB] CONF 9:50 ▲ BRK → ✓ (auto-R1: EMA+morning)
2026-03-02T09:55:00.000-05:00,[KLB] 5m CHECK 9:55 ▲ pnl=-0.11 → BAIL
2026-03-02T11:35:00.000-05:00,[KLB] 11:35 ▲ ~ ~ VWAP vol=1.4x pos=^87 vwap=above ema=bull rs=+0.3% adx=32 body=75% ramp=0.9x rangeATR=0.9 O604.31 H605.33 L604.17 C605.18 ATR=9.87 SL=604.19/603.7 rawVol=151786 volSMA=107992 buf=0.493 prices=
2026-03-02T14:20:00.000-05:00,[KLB] 14:20 ▲ BRK Yest H vol=1.7x pos=^66 vwap=above ema=bull rs=+0.4% adx=20 body=64% ramp=1.4x rangeATR=1.2 O608.72 H609.61 L608.71 C609.3 ATR=9.87 SL=608.31/607.82 rawVol=100145 volSMA=59918 buf=0.493 prices=608.32
2026-03-02T15:06:00.000-05:00,[KLB] 15:06 ▲ ◆ ◆⁴⁷ Yest H 1.1x ^35 vol= pos= vwap=above ema=bull rs=+0.4% adx=23 body=11% ramp=0.8x rangeATR=0.9 O609.5 H609.64 L609.1 C609.44 ATR=9.87 SL=608.45/607.96 rawVol=84713 volSMA=72620 buf=0.493 prices=
2026-03-02T15:07:00.000-05:00,[KLB] CONF 15:07 ▲ BRK → ✗ (failed)
2026-03-02T15:10:00.000-05:00,[KLB] 15:10 ▼ FADE at 608.32
2026-03-03T09:40:00.000-05:00,"[KLB] 9:40 ▲ ~ ~ ORB L
~ VWAP vol=6.1x pos=^57 vwap=above ema=bear rs=+0.1% adx=25 body=42% ramp=16.4x rangeATR=3.2 ⚡ O596.16 H599.39 L595.6 C597.75 ATR=10.01 SL=596.75/596.25 rawVol=390145 volSMA=63863 buf=0.501 prices=595.86"
2026-03-03T09:45:00.000-05:00,[KLB] 9:45 ▼ BRK Yest L vol=3.2x pos=v82 vwap=below ema=bear rs=+0.2% adx=26 body=65% ramp=18x rangeATR=1.8 O597.76 H598.17 L595.84 C596.25 ATR=10.01 SL=597.25/597.75 rawVol=241698 volSMA=75497 buf=0.501 prices=597.99
2026-03-03T09:45:00.000-05:00,[KLB] CONF 9:45 ▼ BRK → ✓ (auto-R1: EMA+morning)
2026-03-03T09:50:00.000-05:00,[KLB] 5m CHECK 9:50 ▼ pnl=0.07 → HOLD
2026-03-03T10:00:00.000-05:00,[KLB] 10:00 ▼ BRK ORB L vol=2x pos=v88 vwap=below ema=bear rs=+0.2% adx=25 body=78% ramp=0.7x rangeATR=1.2 O596.55 H596.72 L595 C595.2 ATR=10.01 SL=596.2/596.7 rawVol=219394 volSMA=111231 buf=0.501 prices=595.86
2026-03-03T10:00:00.000-05:00,[KLB] 10:00 ▼ ~ ~ VWAP vol=2x pos=v88 vwap=below ema=bear rs=+0.2% adx=25 body=78% ramp=0.7x rangeATR=1.2 O596.55 H596.72 L595 C595.2 ATR=10.01 SL=596.2/596.7 rawVol=219394 volSMA=111231 buf=0.501 prices=
2026-03-03T10:00:00.000-05:00,[KLB] CONF 10:00 ▼ BRK → ✓ (auto-R1: EMA+morning)
2026-03-03T10:05:00.000-05:00,[KLB] 5m CHECK 10:05 ▼ pnl=0.01 → BAIL
2026-03-03T11:45:00.000-05:00,[KLB] 11:45 ▲ ~ ~ Yest L vol=1.2x pos=^92 vwap=above ema=bull rs=+0.2% adx=23 body=36% ramp=1.3x rangeATR=1.1 O598.42 H599.14 L597.51 C599.01 ATR=10.01 SL=598.01/597.51 rawVol=244369 volSMA=202584 buf=0.501 prices=597.99
2026-03-03T11:50:00.000-05:00,[KLB] 11:50 ▲ ~ ~ Week L vol=1.3x pos=^56 vwap=above ema=bull rs=+0.2% adx=24 body=54% ramp=1.5x rangeATR=1.3 O599.01 H600.9 L598.97 C600.06 ATR=10.01 SL=599.06/598.56 rawVol=268245 volSMA=204905 buf=0.501 prices=599.05
2026-03-03T12:15:00.000-05:00,[KLB] 12:15 ▲ ~ ~ Yest L vol=0.5x pos=^95 vwap=above ema=bull rs=+0.2% adx=25 body=52% ramp=0.7x rangeATR=0.7 O598.78 H599.3 L598.39 C599.25 ATR=10.01 SL=598.25/597.75 rawVol=82858 volSMA=171869 buf=0.501 prices=597.99
2026-03-03T12:20:00.000-05:00,[KLB] 12:20 ▲ ~ ~ Yest L + ~ Week L vol=0.6x pos=^89 vwap=above ema=bull rs=+0.2% adx=25 body=36% ramp=0.9x rangeATR=0.8 O599.24 H599.76 L598.66 C599.64 ATR=10.01 SL=598.64/598.14 rawVol=104944 volSMA=168225 buf=0.501 prices=597.99/599.05
2026-03-03T12:25:00.000-05:00,[KLB] 12:25 ▲ ~ ~ Yest L + ~ Week L vol=0.6x pos=^100 vwap=above ema=bull rs=+0.2% adx=26 body=42% ramp=0.7x rangeATR=1 O599.64 H600.21 L598.84 C600.21 ATR=10.01 SL=599.21/598.71 rawVol=78972 volSMA=162725 buf=0.501 prices=597.99/599.05
2026-03-03T12:45:00.000-05:00,[KLB] 12:45 ▲ ~ ~ Yest L + ~ Week L vol=1x pos=^95 vwap=above ema=bull rs=+0.2% adx=23 body=94% ramp=1.3x rangeATR=1.2 ⚠ O598.54 H600.21 L598.51 C600.13 ATR=10.01 SL=599.13/598.63 rawVol=107652 volSMA=144743 buf=0.501 prices=597.99/599.05
2026-03-03T13:05:00.000-05:00,[KLB] 13:05 ▲ ~ ~ Yest L + ~ Week L vol=1.2x pos=^71 vwap=above ema=bull rs=+0.1% adx=20 body=71% ramp=1.1x rangeATR=1.1 O598.84 H600.33 L598.84 C599.9 ATR=10.01 SL=598.9/598.4 rawVol=152802 volSMA=130460 buf=0.501 prices=597.99/599.05
2026-03-04T09:35:00.000-05:00,[KLB] 9:35 ▲ RNG range break vol=11.6x
2026-03-04T09:35:00.000-05:00,[KLB] 9:35 ▲ BRK PM H + Yest H vol=11.6x pos=^98 vwap=above ema=bull rs=+0.3% adx=30 body=84% ramp=11.7x rangeATR=3.5 ⚡ ⚠ O604.16 H606.88 L603.73 C606.81 ATR=10.46 SL=605.76/605.24 rawVol=319583 volSMA=27615 buf=0.523 prices=605.88/603.96
2026-03-04T09:35:00.000-05:00,[KLB] 9:35 ▲ ~ ~ VWAP vol=11.6x pos=^98 vwap=above ema=bull rs=+0.3% adx=30 body=84% ramp=11.7x rangeATR=3.5 ⚡ ⚠ O604.16 H606.88 L603.73 C606.81 ATR=10.46 SL=605.76/605.24 rawVol=319583 volSMA=27615 buf=0.523 prices=
2026-03-04T09:35:00.000-05:00,[KLB] CONF 9:35 ▲ BRK → ✓ (auto-R1: EMA+morning)
2026-03-04T09:40:00.000-05:00,[KLB] 5m CHECK 9:40 ▲ pnl=-0.18 → BAIL
2026-03-04T09:50:00.000-05:00,[KLB] 9:50 ▲ ~ ~ ORB L vol=3.4x pos=^63 vwap=above ema=bull rs=+0.3% adx=31 body=42% ramp=1.3x rangeATR=2.3 ⚡ O603.99 H606.11 L603.44 C605.11 ATR=10.46 SL=604.06/603.54 rawVol=162310 volSMA=48162 buf=0.523 prices=603.73
2026-03-04T10:10:00.000-05:00,[KLB] 10:10 ▲ BRK PM H + ORB H vol=2.3x pos=^92 vwap=above ema=bull rs=+0.3% adx=35 body=83% ramp=0.9x rangeATR=1.4 ⚠ O605.95 H607.65 L605.79 C607.5 ATR=10.46 SL=606.45/605.93 rawVol=112951 volSMA=68123 buf=0.523 prices=605.88/606.88
2026-03-04T10:10:00.000-05:00,[KLB] CONF 10:10 ▲ BRK → ✓ (auto-R1: EMA+morning)
2026-03-04T10:15:00.000-05:00,[KLB] 5m CHECK 10:15 ▲ pnl=-0.04 → BAIL
2026-03-05T09:35:00.000-05:00,[KLB] 9:35 ▲ RNG range break vol=11.6x
2026-03-05T09:45:00.000-05:00,[KLB] 9:45 ▼ ~ ~ ORB H vol=3.1x pos=v90 vwap=below ema=bear rs=+0.2% adx=32 body=63% ramp=19.6x rangeATR=1.6 O609.98 H610.36 L608.93 C609.08 ATR=10.52 SL=610.13/610.66 rawVol=87131 volSMA=35526 buf=0.526 prices=610.03
2026-03-05T10:15:00.000-05:00,[KLB] 10:15 ▲ ~ ~ VWAP vol=1.2x pos=^92 vwap=above ema=bull rs=+0.4% adx=32 body=63% ramp=0.8x rangeATR=1.1 O611.25 H612.11 L610.9 C612.01 ATR=10.52 SL=610.96/610.43 rawVol=90536 volSMA=72763 buf=0.526 prices=
2026-03-05T10:30:00.000-05:00,[KLB] 10:30 ▼ BRK PD Mid vol=1.6x pos=v54 vwap=below ema=bear rs=+0.3% adx=29 body=31% ramp=0.8x rangeATR=0.8 O608.3 H608.52 L607.55 C608 ATR=10.52 SL=609.05/609.58 rawVol=136392 volSMA=85068 buf=0.526 prices=
2026-03-05T10:35:00.000-05:00,[KLB] 10:35 ▼ BRK ORB L + PD Mid vol=1.9x pos=v45 vwap=below ema=bear rs=+0.2% adx=30 body=45% ramp=1.3x rangeATR=1.6 O608.03 H608.04 L606.06 C607.14 ATR=10.52 SL=608.19/608.72 rawVol=173578 volSMA=93196 buf=0.526 prices=607.38
2026-03-05T10:35:00.000-05:00,[KLB] CONF 10:35 ▼ BRK → ✓★ (auto-promote)
2026-03-05T10:35:00.000-05:00,[KLB] 10:35 ▼ ◆ ◆¹ ORB L 0.3x v2 vol= pos= vwap=below ema=bear rs=+0.2% adx=30 body=45% ramp=1.3x rangeATR=1.6 O608.03 H608.04 L606.06 C607.14 ATR=10.52 SL=608.19/608.72 rawVol=173578 volSMA=93196 buf=0.526 prices=
2026-03-05T10:40:00.000-05:00,[KLB] 5m CHECK 10:40 ▼ pnl=-0.15 → BAIL
2026-03-05T10:50:00.000-05:00,[KLB] CONF 10:50 ▼ BRK → ✗ (failed)
2026-03-05T10:55:00.000-05:00,[KLB] 10:55 ▲ FADE at 607.38
2026-03-05T11:05:00.000-05:00,"[KLB] 11:05 ▼ ~ ~ ORB H
~ VWAP vol=0.9x pos=v94 vwap=below ema=bear rs=+0.4% adx=23 body=77% ramp=0.8x rangeATR=1.2 O609.7 H609.95 L608.41 C608.51 ATR=10.52 SL=609.56/610.09 rawVol=100011 volSMA=115333 buf=0.526 prices=610.03"
2026-03-05T12:10:00.000-05:00,[KLB] 12:10 ▼ ~ ~ ORB H vol=1.4x pos=v98 vwap=below ema=bear rs=+0.4% adx=20 body=81% ramp=1.9x rangeATR=1.5 ⚠ O610.38 H610.69 L608.81 C608.85 ATR=10.52 SL=609.9/610.43 rawVol=117838 volSMA=83710 buf=0.526 prices=610.03
2026-03-05T15:50:00.000-05:00,[KLB] 15:50 ▲ ~~ ~~ PM L vol=1.3x pos=^99 vwap=above ema=bull rs=+0.2% adx=24 body=49% ramp=1x rangeATR=1 O606.95 H607.49 L606.4 C607.48 ATR=10.52 SL=606.43/605.9 rawVol=102908 volSMA=78393 buf=0.526 prices=606.83
2026-03-05T15:55:00.000-05:00,[KLB] 15:55 ▲ ~~ ~~ ORB L vol=3.4x pos=^92 vwap=above ema=bull rs=+0.3% adx=25 body=56% ramp=2.3x rangeATR=1 O607.86 H608.52 L607.49 C608.44 ATR=10.52 SL=607.39/606.86 rawVol=310685 volSMA=91635 buf=0.526 prices=607.38
